hs6_code,ict_good
010121,FALSE
010129,FALSE
010130,FALSE
010190,FALSE
010221,FALSE
010229,FALSE
010231,FALSE
010239,FALSE
010290,FALSE
010310,FALSE
010391,FALSE
010392,FALSE
010410,FALSE
010420,FALSE
010511,FALSE
010512,FALSE
010513,FALSE
010514,FALSE
010515,FALSE
010594,FALSE
010599,FALSE
010611,FALSE
010612,FALSE
010613,FALSE
010614,FALSE
010619,FALSE
010620,FALSE
010631,FALSE
010632,FALSE
010633,FALSE
010639,FALSE
010641,FALSE
010649,FALSE
010690,FALSE
020110,FALSE
020120,FALSE
020130,FALSE
020210,FALSE
020220,FALSE
020230,FALSE
020311,FALSE
020312,FALSE
020319,FALSE
020321,FALSE
020322,FALSE
020329,FALSE
020410,FALSE
020421,FALSE
020422,FALSE
020423,FALSE
020430,FALSE
020441,FALSE
020442,FALSE
020443,FALSE
020450,FALSE
020500,FALSE
020610,FALSE
020621,FALSE
020622,FALSE
020629,FALSE
020630,FALSE
020641,FALSE
020649,FALSE
020680,FALSE
020690,FALSE
020711,FALSE
020712,FALSE
020713,FALSE
020714,FALSE
020724,FALSE
020725,FALSE
020726,FALSE
020727,FALSE
020741,FALSE
020742,FALSE
020743,FALSE
020744,FALSE
020745,FALSE
020751,FALSE
020752,FALSE
020753,FALSE
020754,FALSE
020755,FALSE
020760,FALSE
020810,FALSE
020830,FALSE
020840,FALSE
020850,FALSE
020860,FALSE
020890,FALSE
020910,FALSE
020990,FALSE
021011,FALSE
021012,FALSE
021019,FALSE
021020,FALSE
021091,FALSE
021092,FALSE
021093,FALSE
021099,FALSE
030111,FALSE
030119,FALSE
030191,FALSE
030192,FALSE
030193,FALSE
030194,FALSE
030195,FALSE
030199,FALSE
030211,FALSE
030213,FALSE
030214,FALSE
030219,FALSE
030221,FALSE
030222,FALSE
030223,FALSE
030224,FALSE
030229,FALSE
030231,FALSE
030232,FALSE
030233,FALSE
030234,FALSE
030235,FALSE
030236,FALSE
030239,FALSE
030241,FALSE
030242,FALSE
030243,FALSE
030244,FALSE
030245,FALSE
030246,FALSE
030247,FALSE
030249,FALSE
030251,FALSE
030252,FALSE
030253,FALSE
030254,FALSE
030255,FALSE
030256,FALSE
030259,FALSE
030271,FALSE
030272,FALSE
030273,FALSE
030274,FALSE
030279,FALSE
030281,FALSE
030282,FALSE
030283,FALSE
030284,FALSE
030285,FALSE
030289,FALSE
030291,FALSE
030292,FALSE
030299,FALSE
030311,FALSE
030312,FALSE
030313,FALSE
030314,FALSE
030319,FALSE
030323,FALSE
030324,FALSE
030325,FALSE
030326,FALSE
030329,FALSE
030331,FALSE
030332,FALSE
030333,FALSE
030334,FALSE
030339,FALSE
030341,FALSE
030342,FALSE
030343,FALSE
030344,FALSE
030345,FALSE
030346,FALSE
030349,FALSE
030351,FALSE
030353,FALSE
030354,FALSE
030355,FALSE
030356,FALSE
030357,FALSE
030359,FALSE
030363,FALSE
030364,FALSE
030365,FALSE
030366,FALSE
030367,FALSE
030368,FALSE
030369,FALSE
030381,FALSE
030382,FALSE
030383,FALSE
030384,FALSE
030389,FALSE
030391,FALSE
030392,FALSE
030399,FALSE
030431,FALSE
030432,FALSE
030433,FALSE
030439,FALSE
030441,FALSE
030442,FALSE
030443,FALSE
030444,FALSE
030445,FALSE
030446,FALSE
030447,FALSE
030448,FALSE
030449,FALSE
030451,FALSE
030452,FALSE
030453,FALSE
030454,FALSE
030455,FALSE
030456,FALSE
030457,FALSE
030459,FALSE
030461,FALSE
030462,FALSE
030463,FALSE
030469,FALSE
030471,FALSE
030472,FALSE
030473,FALSE
030474,FALSE
030475,FALSE
030479,FALSE
030481,FALSE
030482,FALSE
030483,FALSE
030484,FALSE
030485,FALSE
030486,FALSE
030487,FALSE
030488,FALSE
030489,FALSE
030491,FALSE
030492,FALSE
030493,FALSE
030494,FALSE
030495,FALSE
030496,FALSE
030497,FALSE
030499,FALSE
030510,FALSE
030520,FALSE
030531,FALSE
030532,FALSE
030539,FALSE
030541,FALSE
030542,FALSE
030543,FALSE
030544,FALSE
030549,FALSE
030551,FALSE
030552,FALSE
030553,FALSE
030554,FALSE
030559,FALSE
030561,FALSE
030562,FALSE
030563,FALSE
030564,FALSE
030569,FALSE
030571,FALSE
030572,FALSE
030579,FALSE
030611,FALSE
030612,FALSE
030614,FALSE
030615,FALSE
030616,FALSE
030617,FALSE
030619,FALSE
030631,FALSE
030632,FALSE
030633,FALSE
030634,FALSE
030635,FALSE
030636,FALSE
030639,FALSE
030691,FALSE
030692,FALSE
030693,FALSE
030694,FALSE
030695,FALSE
030699,FALSE
030711,FALSE
030712,FALSE
030719,FALSE
030721,FALSE
030722,FALSE
030729,FALSE
030731,FALSE
030732,FALSE
030739,FALSE
030742,FALSE
030743,FALSE
030749,FALSE
030751,FALSE
030752,FALSE
030759,FALSE
030760,FALSE
030771,FALSE
030772,FALSE
030779,FALSE
030781,FALSE
030782,FALSE
030783,FALSE
030784,FALSE
030787,FALSE
030788,FALSE
030791,FALSE
030792,FALSE
030799,FALSE
030811,FALSE
030812,FALSE
030819,FALSE
030821,FALSE
030822,FALSE
030829,FALSE
030830,FALSE
030890,FALSE
040110,FALSE
040120,FALSE
040140,FALSE
040150,FALSE
040210,FALSE
040221,FALSE
040229,FALSE
040291,FALSE
040299,FALSE
040310,FALSE
040390,FALSE
040410,FALSE
040490,FALSE
040510,FALSE
040520,FALSE
040590,FALSE
040610,FALSE
040620,FALSE
040630,FALSE
040640,FALSE
040690,FALSE
040711,FALSE
040719,FALSE
040721,FALSE
040729,FALSE
040790,FALSE
040811,FALSE
040819,FALSE
040891,FALSE
040899,FALSE
040900,FALSE
041000,FALSE
050100,FALSE
050210,FALSE
050290,FALSE
050400,FALSE
050510,FALSE
050590,FALSE
050610,FALSE
050690,FALSE
050710,FALSE
050790,FALSE
050800,FALSE
051000,FALSE
051110,FALSE
051191,FALSE
051199,FALSE
060110,FALSE
060120,FALSE
060210,FALSE
060220,FALSE
060230,FALSE
060240,FALSE
060290,FALSE
060311,FALSE
060312,FALSE
060313,FALSE
060314,FALSE
060315,FALSE
060319,FALSE
060390,FALSE
060420,FALSE
060490,FALSE
070110,FALSE
070190,FALSE
070200,FALSE
070310,FALSE
070320,FALSE
070390,FALSE
070410,FALSE
070420,FALSE
070490,FALSE
070511,FALSE
070519,FALSE
070521,FALSE
070529,FALSE
070610,FALSE
070690,FALSE
070700,FALSE
070810,FALSE
070820,FALSE
070890,FALSE
070920,FALSE
070930,FALSE
070940,FALSE
070951,FALSE
070959,FALSE
070960,FALSE
070970,FALSE
070991,FALSE
070992,FALSE
070993,FALSE
070999,FALSE
071010,FALSE
071021,FALSE
071022,FALSE
071029,FALSE
071030,FALSE
071040,FALSE
071080,FALSE
071090,FALSE
071120,FALSE
071140,FALSE
071151,FALSE
071159,FALSE
071190,FALSE
071220,FALSE
071231,FALSE
071232,FALSE
071233,FALSE
071239,FALSE
071290,FALSE
071310,FALSE
071320,FALSE
071331,FALSE
071332,FALSE
071333,FALSE
071334,FALSE
071335,FALSE
071339,FALSE
071340,FALSE
071350,FALSE
071360,FALSE
071390,FALSE
071410,FALSE
071420,FALSE
071430,FALSE
071440,FALSE
071450,FALSE
071490,FALSE
080111,FALSE
080112,FALSE
080119,FALSE
080121,FALSE
080122,FALSE
080131,FALSE
080132,FALSE
080211,FALSE
080212,FALSE
080221,FALSE
080222,FALSE
080231,FALSE
080232,FALSE
080241,FALSE
080242,FALSE
080251,FALSE
080252,FALSE
080261,FALSE
080262,FALSE
080270,FALSE
080280,FALSE
080290,FALSE
080310,FALSE
080390,FALSE
080410,FALSE
080420,FALSE
080430,FALSE
080440,FALSE
080450,FALSE
080510,FALSE
080521,FALSE
080522,FALSE
080529,FALSE
080540,FALSE
080550,FALSE
080590,FALSE
080610,FALSE
080620,FALSE
080711,FALSE
080719,FALSE
080720,FALSE
080810,FALSE
080830,FALSE
080840,FALSE
080910,FALSE
080921,FALSE
080929,FALSE
080930,FALSE
080940,FALSE
081010,FALSE
081020,FALSE
081030,FALSE
081040,FALSE
081050,FALSE
081060,FALSE
081070,FALSE
081090,FALSE
081110,FALSE
081120,FALSE
081190,FALSE
081210,FALSE
081290,FALSE
081310,FALSE
081320,FALSE
081330,FALSE
081340,FALSE
081350,FALSE
081400,FALSE
090111,FALSE
090112,FALSE
090121,FALSE
090122,FALSE
090190,FALSE
090210,FALSE
090220,FALSE
090230,FALSE
090240,FALSE
090300,FALSE
090411,FALSE
090412,FALSE
090421,FALSE
090422,FALSE
090510,FALSE
090520,FALSE
090611,FALSE
090619,FALSE
090620,FALSE
090710,FALSE
090720,FALSE
090811,FALSE
090812,FALSE
090821,FALSE
090822,FALSE
090831,FALSE
090832,FALSE
090921,FALSE
090922,FALSE
090931,FALSE
090932,FALSE
090961,FALSE
090962,FALSE
091011,FALSE
091012,FALSE
091020,FALSE
091030,FALSE
091091,FALSE
091099,FALSE
100111,FALSE
100119,FALSE
100191,FALSE
100199,FALSE
100210,FALSE
100290,FALSE
100310,FALSE
100390,FALSE
100410,FALSE
100490,FALSE
100510,FALSE
100590,FALSE
100610,FALSE
100620,FALSE
100630,FALSE
100640,FALSE
100710,FALSE
100790,FALSE
100810,FALSE
100821,FALSE
100829,FALSE
100830,FALSE
100840,FALSE
100850,FALSE
100860,FALSE
100890,FALSE
110100,FALSE
110220,FALSE
110290,FALSE
110311,FALSE
110313,FALSE
110319,FALSE
110320,FALSE
110412,FALSE
110419,FALSE
110422,FALSE
110423,FALSE
110429,FALSE
110430,FALSE
110510,FALSE
110520,FALSE
110610,FALSE
110620,FALSE
110630,FALSE
110710,FALSE
110720,FALSE
110811,FALSE
110812,FALSE
110813,FALSE
110814,FALSE
110819,FALSE
110820,FALSE
110900,FALSE
120110,FALSE
120190,FALSE
120230,FALSE
120241,FALSE
120242,FALSE
120300,FALSE
120400,FALSE
120510,FALSE
120590,FALSE
120600,FALSE
120710,FALSE
120721,FALSE
120729,FALSE
120730,FALSE
120740,FALSE
120750,FALSE
120760,FALSE
120770,FALSE
120791,FALSE
120799,FALSE
120810,FALSE
120890,FALSE
120910,FALSE
120921,FALSE
120922,FALSE
120923,FALSE
120924,FALSE
120925,FALSE
120929,FALSE
120930,FALSE
120991,FALSE
120999,FALSE
121010,FALSE
121020,FALSE
121120,FALSE
121130,FALSE
121140,FALSE
121150,FALSE
121190,FALSE
121221,FALSE
121229,FALSE
121291,FALSE
121292,FALSE
121293,FALSE
121294,FALSE
121299,FALSE
121300,FALSE
121410,FALSE
121490,FALSE
130120,FALSE
130190,FALSE
130211,FALSE
130212,FALSE
130213,FALSE
130214,FALSE
130219,FALSE
130220,FALSE
130231,FALSE
130232,FALSE
130239,FALSE
140110,FALSE
140120,FALSE
140190,FALSE
140420,FALSE
140490,FALSE
150110,FALSE
150120,FALSE
150190,FALSE
150210,FALSE
150290,FALSE
150300,FALSE
150410,FALSE
150420,FALSE
150430,FALSE
150500,FALSE
150600,FALSE
150710,FALSE
150790,FALSE
150810,FALSE
150890,FALSE
150910,FALSE
150990,FALSE
151000,FALSE
151110,FALSE
151190,FALSE
151211,FALSE
151219,FALSE
151221,FALSE
151229,FALSE
151311,FALSE
151319,FALSE
151321,FALSE
151329,FALSE
151411,FALSE
151419,FALSE
151491,FALSE
151499,FALSE
151511,FALSE
151519,FALSE
151521,FALSE
151529,FALSE
151530,FALSE
151550,FALSE
151590,FALSE
151610,FALSE
151620,FALSE
151710,FALSE
151790,FALSE
151800,FALSE
152000,FALSE
152110,FALSE
152190,FALSE
152200,FALSE
160100,FALSE
160210,FALSE
160220,FALSE
160231,FALSE
160232,FALSE
160239,FALSE
160241,FALSE
160242,FALSE
160249,FALSE
160250,FALSE
160290,FALSE
160300,FALSE
160411,FALSE
160412,FALSE
160413,FALSE
160414,FALSE
160415,FALSE
160416,FALSE
160417,FALSE
160418,FALSE
160419,FALSE
160420,FALSE
160431,FALSE
160432,FALSE
160510,FALSE
160521,FALSE
160529,FALSE
160530,FALSE
160540,FALSE
160551,FALSE
160552,FALSE
160553,FALSE
160554,FALSE
160555,FALSE
160556,FALSE
160557,FALSE
160558,FALSE
160559,FALSE
160561,FALSE
160562,FALSE
160563,FALSE
160569,FALSE
170112,FALSE
170113,FALSE
170114,FALSE
170191,FALSE
170199,FALSE
170211,FALSE
170219,FALSE
170220,FALSE
170230,FALSE
170240,FALSE
170250,FALSE
170260,FALSE
170290,FALSE
170310,FALSE
170390,FALSE
170410,FALSE
170490,FALSE
180100,FALSE
180200,FALSE
180310,FALSE
180320,FALSE
180400,FALSE
180500,FALSE
180610,FALSE
180620,FALSE
180631,FALSE
180632,FALSE
180690,FALSE
190110,FALSE
190120,FALSE
190190,FALSE
190211,FALSE
190219,FALSE
190220,FALSE
190230,FALSE
190240,FALSE
190300,FALSE
190410,FALSE
190420,FALSE
190430,FALSE
190490,FALSE
190510,FALSE
190520,FALSE
190531,FALSE
190532,FALSE
190540,FALSE
190590,FALSE
200110,FALSE
200190,FALSE
200210,FALSE
200290,FALSE
200310,FALSE
200390,FALSE
200410,FALSE
200490,FALSE
200510,FALSE
200520,FALSE
200540,FALSE
200551,FALSE
200559,FALSE
200560,FALSE
200570,FALSE
200580,FALSE
200591,FALSE
200599,FALSE
200600,FALSE
200710,FALSE
200791,FALSE
200799,FALSE
200811,FALSE
200819,FALSE
200820,FALSE
200830,FALSE
200840,FALSE
200850,FALSE
200860,FALSE
200870,FALSE
200880,FALSE
200891,FALSE
200893,FALSE
200897,FALSE
200899,FALSE
200911,FALSE
200912,FALSE
200919,FALSE
200921,FALSE
200929,FALSE
200931,FALSE
200939,FALSE
200941,FALSE
200949,FALSE
200950,FALSE
200961,FALSE
200969,FALSE
200971,FALSE
200979,FALSE
200981,FALSE
200989,FALSE
200990,FALSE
210111,FALSE
210112,FALSE
210120,FALSE
210130,FALSE
210210,FALSE
210220,FALSE
210230,FALSE
210310,FALSE
210320,FALSE
210330,FALSE
210390,FALSE
210410,FALSE
210420,FALSE
210500,FALSE
210610,FALSE
210690,FALSE
220110,FALSE
220190,FALSE
220210,FALSE
220291,FALSE
220299,FALSE
220300,FALSE
220410,FALSE
220421,FALSE
220422,FALSE
220429,FALSE
220430,FALSE
220510,FALSE
220590,FALSE
220600,FALSE
220710,FALSE
220720,FALSE
220820,FALSE
220830,FALSE
220840,FALSE
220850,FALSE
220860,FALSE
220870,FALSE
220890,FALSE
220900,FALSE
230110,FALSE
230120,FALSE
230210,FALSE
230230,FALSE
230240,FALSE
230250,FALSE
230310,FALSE
230320,FALSE
230330,FALSE
230400,FALSE
230500,FALSE
230610,FALSE
230620,FALSE
230630,FALSE
230641,FALSE
230649,FALSE
230650,FALSE
230660,FALSE
230690,FALSE
230700,FALSE
230800,FALSE
230910,FALSE
230990,FALSE
240110,FALSE
240120,FALSE
240130,FALSE
240210,FALSE
240220,FALSE
240290,FALSE
240311,FALSE
240319,FALSE
240391,FALSE
240399,FALSE
250100,FALSE
250200,FALSE
250300,FALSE
250410,FALSE
250490,FALSE
250510,FALSE
250590,FALSE
250610,FALSE
250620,FALSE
250700,FALSE
250810,FALSE
250830,FALSE
250840,FALSE
250850,FALSE
250860,FALSE
250870,FALSE
250900,FALSE
251010,FALSE
251020,FALSE
251110,FALSE
251120,FALSE
251200,FALSE
251310,FALSE
251320,FALSE
251400,FALSE
251511,FALSE
251512,FALSE
251520,FALSE
251611,FALSE
251612,FALSE
251620,FALSE
251690,FALSE
251710,FALSE
251720,FALSE
251730,FALSE
251741,FALSE
251749,FALSE
251810,FALSE
251820,FALSE
251830,FALSE
251910,FALSE
251990,FALSE
252010,FALSE
252020,FALSE
252100,FALSE
252210,FALSE
252220,FALSE
252230,FALSE
252310,FALSE
252321,FALSE
252329,FALSE
252330,FALSE
252390,FALSE
252410,FALSE
252490,FALSE
252510,FALSE
252520,FALSE
252530,FALSE
252610,FALSE
252620,FALSE
252800,FALSE
252910,FALSE
252921,FALSE
252922,FALSE
252930,FALSE
253010,FALSE
253020,FALSE
253090,FALSE
260111,FALSE
260112,FALSE
260120,FALSE
260200,FALSE
260300,FALSE
260400,FALSE
260500,FALSE
260600,FALSE
260700,FALSE
260800,FALSE
260900,FALSE
261000,FALSE
261100,FALSE
261210,FALSE
261220,FALSE
261310,FALSE
261390,FALSE
261400,FALSE
261510,FALSE
261590,FALSE
261610,FALSE
261690,FALSE
261710,FALSE
261790,FALSE
261800,FALSE
261900,FALSE
262011,FALSE
262019,FALSE
262021,FALSE
262029,FALSE
262030,FALSE
262040,FALSE
262060,FALSE
262091,FALSE
262099,FALSE
262110,FALSE
262190,FALSE
270111,FALSE
270112,FALSE
270119,FALSE
270120,FALSE
270210,FALSE
270220,FALSE
270300,FALSE
270400,FALSE
270500,FALSE
270600,FALSE
270710,FALSE
270720,FALSE
270730,FALSE
270740,FALSE
270750,FALSE
270791,FALSE
270799,FALSE
270810,FALSE
270820,FALSE
270900,FALSE
271012,FALSE
271019,FALSE
271020,FALSE
271091,FALSE
271099,FALSE
271111,FALSE
271112,FALSE
271113,FALSE
271114,FALSE
271119,FALSE
271121,FALSE
271129,FALSE
271210,FALSE
271220,FALSE
271290,FALSE
271311,FALSE
271312,FALSE
271320,FALSE
271390,FALSE
271410,FALSE
271490,FALSE
271500,FALSE
271600,FALSE
280110,FALSE
280120,FALSE
280130,FALSE
280200,FALSE
280300,FALSE
280410,FALSE
280421,FALSE
280429,FALSE
280430,FALSE
280440,FALSE
280450,FALSE
280461,FALSE
280469,FALSE
280470,FALSE
280480,FALSE
280490,FALSE
280511,FALSE
280512,FALSE
280519,FALSE
280530,FALSE
280540,FALSE
280610,FALSE
280620,FALSE
280700,FALSE
280800,FALSE
280910,FALSE
280920,FALSE
281000,FALSE
281111,FALSE
281112,FALSE
281119,FALSE
281121,FALSE
281122,FALSE
281129,FALSE
281211,FALSE
281212,FALSE
281213,FALSE
281214,FALSE
281215,FALSE
281216,FALSE
281217,FALSE
281219,FALSE
281290,FALSE
281310,FALSE
281390,FALSE
281410,FALSE
281420,FALSE
281511,FALSE
281512,FALSE
281520,FALSE
281530,FALSE
281610,FALSE
281640,FALSE
281700,FALSE
281810,FALSE
281820,FALSE
281830,FALSE
281910,FALSE
281990,FALSE
282010,FALSE
282090,FALSE
282110,FALSE
282120,FALSE
282200,FALSE
282300,FALSE
282410,FALSE
282490,FALSE
282510,FALSE
282520,FALSE
282530,FALSE
282540,FALSE
282550,FALSE
282560,FALSE
282570,FALSE
282580,FALSE
282590,FALSE
282612,FALSE
282619,FALSE
282630,FALSE
282690,FALSE
282710,FALSE
282720,FALSE
282731,FALSE
282732,FALSE
282735,FALSE
282739,FALSE
282741,FALSE
282749,FALSE
282751,FALSE
282759,FALSE
282760,FALSE
282810,FALSE
282890,FALSE
282911,FALSE
282919,FALSE
282990,FALSE
283010,FALSE
283090,FALSE
283110,FALSE
283190,FALSE
283210,FALSE
283220,FALSE
283230,FALSE
283311,FALSE
283319,FALSE
283321,FALSE
283322,FALSE
283324,FALSE
283325,FALSE
283327,FALSE
283329,FALSE
283330,FALSE
283340,FALSE
283410,FALSE
283421,FALSE
283429,FALSE
283510,FALSE
283522,FALSE
283524,FALSE
283525,FALSE
283526,FALSE
283529,FALSE
283531,FALSE
283539,FALSE
283620,FALSE
283630,FALSE
283640,FALSE
283650,FALSE
283660,FALSE
283691,FALSE
283692,FALSE
283699,FALSE
283711,FALSE
283719,FALSE
283720,FALSE
283911,FALSE
283919,FALSE
283990,FALSE
284011,FALSE
284019,FALSE
284020,FALSE
284030,FALSE
284130,FALSE
284150,FALSE
284161,FALSE
284169,FALSE
284170,FALSE
284180,FALSE
284190,FALSE
284210,FALSE
284290,FALSE
284310,FALSE
284321,FALSE
284329,FALSE
284330,FALSE
284390,FALSE
284410,FALSE
284420,FALSE
284430,FALSE
284440,FALSE
284450,FALSE
284510,FALSE
284590,FALSE
284610,FALSE
284690,FALSE
284700,FALSE
284910,FALSE
284920,FALSE
284990,FALSE
285000,FALSE
285210,FALSE
285290,FALSE
285310,FALSE
285390,FALSE
290110,FALSE
290121,FALSE
290122,FALSE
290123,FALSE
290124,FALSE
290129,FALSE
290211,FALSE
290219,FALSE
290220,FALSE
290230,FALSE
290241,FALSE
290242,FALSE
290243,FALSE
290244,FALSE
290250,FALSE
290260,FALSE
290270,FALSE
290290,FALSE
290311,FALSE
290312,FALSE
290313,FALSE
290314,FALSE
290315,FALSE
290319,FALSE
290321,FALSE
290322,FALSE
290323,FALSE
290329,FALSE
290331,FALSE
290339,FALSE
290371,FALSE
290372,FALSE
290373,FALSE
290374,FALSE
290375,FALSE
290376,FALSE
290377,FALSE
290378,FALSE
290379,FALSE
290381,FALSE
290382,FALSE
290383,FALSE
290389,FALSE
290391,FALSE
290392,FALSE
290393,FALSE
290394,FALSE
290399,FALSE
290410,FALSE
290420,FALSE
290431,FALSE
290432,FALSE
290433,FALSE
290434,FALSE
290435,FALSE
290436,FALSE
290491,FALSE
290499,FALSE
290511,FALSE
290512,FALSE
290513,FALSE
290514,FALSE
290516,FALSE
290517,FALSE
290519,FALSE
290522,FALSE
290529,FALSE
290531,FALSE
290532,FALSE
290539,FALSE
290541,FALSE
290542,FALSE
290543,FALSE
290544,FALSE
290545,FALSE
290549,FALSE
290551,FALSE
290559,FALSE
290611,FALSE
290612,FALSE
290613,FALSE
290619,FALSE
290621,FALSE
290629,FALSE
290711,FALSE
290712,FALSE
290713,FALSE
290715,FALSE
290719,FALSE
290721,FALSE
290722,FALSE
290723,FALSE
290729,FALSE
290811,FALSE
290819,FALSE
290891,FALSE
290892,FALSE
290899,FALSE
290911,FALSE
290919,FALSE
290920,FALSE
290930,FALSE
290941,FALSE
290943,FALSE
290944,FALSE
290949,FALSE
290950,FALSE
290960,FALSE
291010,FALSE
291020,FALSE
291030,FALSE
291040,FALSE
291050,FALSE
291090,FALSE
291100,FALSE
291211,FALSE
291212,FALSE
291219,FALSE
291221,FALSE
291229,FALSE
291241,FALSE
291242,FALSE
291249,FALSE
291250,FALSE
291260,FALSE
291300,FALSE
291411,FALSE
291412,FALSE
291413,FALSE
291419,FALSE
291422,FALSE
291423,FALSE
291429,FALSE
291431,FALSE
291439,FALSE
291440,FALSE
291450,FALSE
291461,FALSE
291462,FALSE
291469,FALSE
291471,FALSE
291479,FALSE
291511,FALSE
291512,FALSE
291513,FALSE
291521,FALSE
291524,FALSE
291529,FALSE
291531,FALSE
291532,FALSE
291533,FALSE
291536,FALSE
291539,FALSE
291540,FALSE
291550,FALSE
291560,FALSE
291570,FALSE
291590,FALSE
291611,FALSE
291612,FALSE
291613,FALSE
291614,FALSE
291615,FALSE
291616,FALSE
291619,FALSE
291620,FALSE
291631,FALSE
291632,FALSE
291634,FALSE
291639,FALSE
291711,FALSE
291712,FALSE
291713,FALSE
291714,FALSE
291719,FALSE
291720,FALSE
291732,FALSE
291733,FALSE
291734,FALSE
291735,FALSE
291736,FALSE
291737,FALSE
291739,FALSE
291811,FALSE
291812,FALSE
291813,FALSE
291814,FALSE
291815,FALSE
291816,FALSE
291817,FALSE
291818,FALSE
291819,FALSE
291821,FALSE
291822,FALSE
291823,FALSE
291829,FALSE
291830,FALSE
291891,FALSE
291899,FALSE
291910,FALSE
291990,FALSE
292011,FALSE
292019,FALSE
292021,FALSE
292022,FALSE
292023,FALSE
292024,FALSE
292029,FALSE
292030,FALSE
292090,FALSE
292111,FALSE
292112,FALSE
292113,FALSE
292114,FALSE
292119,FALSE
292121,FALSE
292122,FALSE
292129,FALSE
292130,FALSE
292141,FALSE
292142,FALSE
292143,FALSE
292144,FALSE
292145,FALSE
292146,FALSE
292149,FALSE
292151,FALSE
292159,FALSE
292211,FALSE
292212,FALSE
292214,FALSE
292215,FALSE
292216,FALSE
292217,FALSE
292218,FALSE
292219,FALSE
292221,FALSE
292229,FALSE
292231,FALSE
292239,FALSE
292241,FALSE
292242,FALSE
292243,FALSE
292244,FALSE
292249,FALSE
292250,FALSE
292310,FALSE
292320,FALSE
292330,FALSE
292340,FALSE
292390,FALSE
292411,FALSE
292412,FALSE
292419,FALSE
292421,FALSE
292423,FALSE
292424,FALSE
292425,FALSE
292429,FALSE
292511,FALSE
292512,FALSE
292519,FALSE
292521,FALSE
292529,FALSE
292610,FALSE
292620,FALSE
292630,FALSE
292640,FALSE
292690,FALSE
292700,FALSE
292800,FALSE
292910,FALSE
292990,FALSE
293020,FALSE
293030,FALSE
293040,FALSE
293060,FALSE
293070,FALSE
293080,FALSE
293090,FALSE
293110,FALSE
293120,FALSE
293131,FALSE
293132,FALSE
293133,FALSE
293134,FALSE
293135,FALSE
293136,FALSE
293137,FALSE
293138,FALSE
293139,FALSE
293190,FALSE
293211,FALSE
293212,FALSE
293213,FALSE
293214,FALSE
293219,FALSE
293220,FALSE
293291,FALSE
293292,FALSE
293293,FALSE
293294,FALSE
293295,FALSE
293299,FALSE
293311,FALSE
293319,FALSE
293321,FALSE
293329,FALSE
293331,FALSE
293332,FALSE
293333,FALSE
293339,FALSE
293341,FALSE
293349,FALSE
293352,FALSE
293353,FALSE
293354,FALSE
293355,FALSE
293359,FALSE
293361,FALSE
293369,FALSE
293371,FALSE
293372,FALSE
293379,FALSE
293391,FALSE
293392,FALSE
293399,FALSE
293410,FALSE
293420,FALSE
293430,FALSE
293491,FALSE
293499,FALSE
293510,FALSE
293520,FALSE
293530,FALSE
293540,FALSE
293550,FALSE
293590,FALSE
293621,FALSE
293622,FALSE
293623,FALSE
293624,FALSE
293625,FALSE
293626,FALSE
293627,FALSE
293628,FALSE
293629,FALSE
293690,FALSE
293711,FALSE
293712,FALSE
293719,FALSE
293721,FALSE
293722,FALSE
293723,FALSE
293729,FALSE
293750,FALSE
293790,FALSE
293810,FALSE
293890,FALSE
293911,FALSE
293919,FALSE
293920,FALSE
293930,FALSE
293941,FALSE
293942,FALSE
293943,FALSE
293944,FALSE
293949,FALSE
293951,FALSE
293959,FALSE
293961,FALSE
293962,FALSE
293963,FALSE
293969,FALSE
293971,FALSE
293979,FALSE
293980,FALSE
294000,FALSE
294110,FALSE
294120,FALSE
294130,FALSE
294140,FALSE
294150,FALSE
294190,FALSE
294200,FALSE
300120,FALSE
300190,FALSE
300211,FALSE
300212,FALSE
300213,FALSE
300214,FALSE
300215,FALSE
300219,FALSE
300220,FALSE
300230,FALSE
300290,FALSE
300310,FALSE
300320,FALSE
300331,FALSE
300339,FALSE
300341,FALSE
300342,FALSE
300343,FALSE
300349,FALSE
300360,FALSE
300390,FALSE
300410,FALSE
300420,FALSE
300431,FALSE
300432,FALSE
300439,FALSE
300441,FALSE
300442,FALSE
300443,FALSE
300449,FALSE
300450,FALSE
300460,FALSE
300490,FALSE
300510,FALSE
300590,FALSE
300610,FALSE
300620,FALSE
300630,FALSE
300640,FALSE
300650,FALSE
300660,FALSE
300670,FALSE
300691,FALSE
300692,FALSE
310100,FALSE
310210,FALSE
310221,FALSE
310229,FALSE
310230,FALSE
310240,FALSE
310250,FALSE
310260,FALSE
310280,FALSE
310290,FALSE
310311,FALSE
310319,FALSE
310390,FALSE
310420,FALSE
310430,FALSE
310490,FALSE
310510,FALSE
310520,FALSE
310530,FALSE
310540,FALSE
310551,FALSE
310559,FALSE
310560,FALSE
310590,FALSE
320110,FALSE
320120,FALSE
320190,FALSE
320210,FALSE
320290,FALSE
320300,FALSE
320411,FALSE
320412,FALSE
320413,FALSE
320414,FALSE
320415,FALSE
320416,FALSE
320417,FALSE
320419,FALSE
320420,FALSE
320490,FALSE
320500,FALSE
320611,FALSE
320619,FALSE
320620,FALSE
320641,FALSE
320642,FALSE
320649,FALSE
320650,FALSE
320710,FALSE
320720,FALSE
320730,FALSE
320740,FALSE
320810,FALSE
320820,FALSE
320890,FALSE
320910,FALSE
320990,FALSE
321000,FALSE
321100,FALSE
321210,FALSE
321290,FALSE
321310,FALSE
321390,FALSE
321410,FALSE
321490,FALSE
321511,FALSE
321519,FALSE
321590,FALSE
330112,FALSE
330113,FALSE
330119,FALSE
330124,FALSE
330125,FALSE
330129,FALSE
330130,FALSE
330190,FALSE
330210,FALSE
330290,FALSE
330300,FALSE
330410,FALSE
330420,FALSE
330430,FALSE
330491,FALSE
330499,FALSE
330510,FALSE
330520,FALSE
330530,FALSE
330590,FALSE
330610,FALSE
330620,FALSE
330690,FALSE
330710,FALSE
330720,FALSE
330730,FALSE
330741,FALSE
330749,FALSE
330790,FALSE
340111,FALSE
340119,FALSE
340120,FALSE
340130,FALSE
340211,FALSE
340212,FALSE
340213,FALSE
340219,FALSE
340220,FALSE
340290,FALSE
340311,FALSE
340319,FALSE
340391,FALSE
340399,FALSE
340420,FALSE
340490,FALSE
340510,FALSE
340520,FALSE
340530,FALSE
340540,FALSE
340590,FALSE
340600,FALSE
340700,FALSE
350110,FALSE
350190,FALSE
350211,FALSE
350219,FALSE
350220,FALSE
350290,FALSE
350300,FALSE
350400,FALSE
350510,FALSE
350520,FALSE
350610,FALSE
350691,FALSE
350699,FALSE
350710,FALSE
350790,FALSE
360100,FALSE
360200,FALSE
360300,FALSE
360410,FALSE
360490,FALSE
360500,FALSE
360610,FALSE
360690,FALSE
370110,FALSE
370120,FALSE
370130,FALSE
370191,FALSE
370199,FALSE
370210,FALSE
370231,FALSE
370232,FALSE
370239,FALSE
370241,FALSE
370242,FALSE
370243,FALSE
370244,FALSE
370252,FALSE
370253,FALSE
370254,FALSE
370255,FALSE
370256,FALSE
370296,FALSE
370297,FALSE
370298,FALSE
370310,FALSE
370320,FALSE
370390,FALSE
370400,FALSE
370500,FALSE
370610,FALSE
370690,FALSE
370710,FALSE
370790,FALSE
380110,FALSE
380120,FALSE
380130,FALSE
380190,FALSE
380210,FALSE
380290,FALSE
380300,FALSE
380400,FALSE
380510,FALSE
380590,FALSE
380610,FALSE
380620,FALSE
380630,FALSE
380690,FALSE
380700,FALSE
380852,FALSE
380859,FALSE
380861,FALSE
380862,FALSE
380869,FALSE
380891,FALSE
380892,FALSE
380893,FALSE
380894,FALSE
380899,FALSE
380910,FALSE
380991,FALSE
380992,FALSE
380993,FALSE
381010,FALSE
381090,FALSE
381111,FALSE
381119,FALSE
381121,FALSE
381129,FALSE
381190,FALSE
381210,FALSE
381220,FALSE
381231,FALSE
381239,FALSE
381300,FALSE
381400,FALSE
381511,FALSE
381512,FALSE
381519,FALSE
381590,FALSE
381600,FALSE
381700,FALSE
381800,FALSE
381900,FALSE
382000,FALSE
382100,FALSE
382200,FALSE
382311,FALSE
382312,FALSE
382313,FALSE
382319,FALSE
382370,FALSE
382410,FALSE
382430,FALSE
382440,FALSE
382450,FALSE
382460,FALSE
382471,FALSE
382472,FALSE
382473,FALSE
382474,FALSE
382475,FALSE
382476,FALSE
382477,FALSE
382478,FALSE
382479,FALSE
382481,FALSE
382482,FALSE
382483,FALSE
382484,FALSE
382485,FALSE
382486,FALSE
382487,FALSE
382488,FALSE
382491,FALSE
382499,FALSE
382510,FALSE
382520,FALSE
382530,FALSE
382541,FALSE
382549,FALSE
382550,FALSE
382561,FALSE
382569,FALSE
382590,FALSE
382600,FALSE
390110,FALSE
390120,FALSE
390130,FALSE
390140,FALSE
390190,FALSE
390210,FALSE
390220,FALSE
390230,FALSE
390290,FALSE
390311,FALSE
390319,FALSE
390320,FALSE
390330,FALSE
390390,FALSE
390410,FALSE
390421,FALSE
390422,FALSE
390430,FALSE
390440,FALSE
390450,FALSE
390461,FALSE
390469,FALSE
390490,FALSE
390512,FALSE
390519,FALSE
390521,FALSE
390529,FALSE
390530,FALSE
390591,FALSE
390599,FALSE
390610,FALSE
390690,FALSE
390710,FALSE
390720,FALSE
390730,FALSE
390740,FALSE
390750,FALSE
390761,FALSE
390769,FALSE
390770,FALSE
390791,FALSE
390799,FALSE
390810,FALSE
390890,FALSE
390910,FALSE
390920,FALSE
390931,FALSE
390939,FALSE
390940,FALSE
390950,FALSE
391000,FALSE
391110,FALSE
391190,FALSE
391211,FALSE
391212,FALSE
391220,FALSE
391231,FALSE
391239,FALSE
391290,FALSE
391310,FALSE
391390,FALSE
391400,FALSE
391510,FALSE
391520,FALSE
391530,FALSE
391590,FALSE
391610,FALSE
391620,FALSE
391690,FALSE
391710,FALSE
391721,FALSE
391722,FALSE
391723,FALSE
391729,FALSE
391731,FALSE
391732,FALSE
391733,FALSE
391739,FALSE
391740,FALSE
391810,FALSE
391890,FALSE
391910,FALSE
391990,FALSE
392010,FALSE
392020,FALSE
392030,FALSE
392043,FALSE
392049,FALSE
392051,FALSE
392059,FALSE
392061,FALSE
392062,FALSE
392063,FALSE
392069,FALSE
392071,FALSE
392073,FALSE
392079,FALSE
392091,FALSE
392092,FALSE
392093,FALSE
392094,FALSE
392099,FALSE
392111,FALSE
392112,FALSE
392113,FALSE
392114,FALSE
392119,FALSE
392190,FALSE
392210,FALSE
392220,FALSE
392290,FALSE
392310,FALSE
392321,FALSE
392329,FALSE
392330,FALSE
392340,FALSE
392350,FALSE
392390,FALSE
392410,FALSE
392490,FALSE
392510,FALSE
392520,FALSE
392530,FALSE
392590,FALSE
392610,FALSE
392620,FALSE
392630,FALSE
392640,FALSE
392690,FALSE
400110,FALSE
400121,FALSE
400122,FALSE
400129,FALSE
400130,FALSE
400211,FALSE
400219,FALSE
400220,FALSE
400231,FALSE
400239,FALSE
400241,FALSE
400249,FALSE
400251,FALSE
400259,FALSE
400260,FALSE
400270,FALSE
400280,FALSE
400291,FALSE
400299,FALSE
400300,FALSE
400400,FALSE
400510,FALSE
400520,FALSE
400591,FALSE
400599,FALSE
400610,FALSE
400690,FALSE
400700,FALSE
400811,FALSE
400819,FALSE
400821,FALSE
400829,FALSE
400911,FALSE
400912,FALSE
400921,FALSE
400922,FALSE
400931,FALSE
400932,FALSE
400941,FALSE
400942,FALSE
401011,FALSE
401012,FALSE
401019,FALSE
401031,FALSE
401032,FALSE
401033,FALSE
401034,FALSE
401035,FALSE
401036,FALSE
401039,FALSE
401110,FALSE
401120,FALSE
401130,FALSE
401140,FALSE
401150,FALSE
401170,FALSE
401180,FALSE
401190,FALSE
401211,FALSE
401212,FALSE
401213,FALSE
401219,FALSE
401220,FALSE
401290,FALSE
401310,FALSE
401320,FALSE
401390,FALSE
401410,FALSE
401490,FALSE
401511,FALSE
401519,FALSE
401590,FALSE
401610,FALSE
401691,FALSE
401692,FALSE
401693,FALSE
401694,FALSE
401695,FALSE
401699,FALSE
401700,FALSE
410120,FALSE
410150,FALSE
410190,FALSE
410210,FALSE
410221,FALSE
410229,FALSE
410320,FALSE
410330,FALSE
410390,FALSE
410411,FALSE
410419,FALSE
410441,FALSE
410449,FALSE
410510,FALSE
410530,FALSE
410621,FALSE
410622,FALSE
410631,FALSE
410632,FALSE
410640,FALSE
410691,FALSE
410692,FALSE
410711,FALSE
410712,FALSE
410719,FALSE
410791,FALSE
410792,FALSE
410799,FALSE
411200,FALSE
411310,FALSE
411320,FALSE
411330,FALSE
411390,FALSE
411410,FALSE
411420,FALSE
411510,FALSE
411520,FALSE
420100,FALSE
420211,FALSE
420212,FALSE
420219,FALSE
420221,FALSE
420222,FALSE
420229,FALSE
420231,FALSE
420232,FALSE
420239,FALSE
420291,FALSE
420292,FALSE
420299,FALSE
420310,FALSE
420321,FALSE
420329,FALSE
420330,FALSE
420340,FALSE
420500,FALSE
420600,FALSE
430110,FALSE
430130,FALSE
430160,FALSE
430180,FALSE
430190,FALSE
430211,FALSE
430219,FALSE
430220,FALSE
430230,FALSE
430310,FALSE
430390,FALSE
430400,FALSE
440111,FALSE
440112,FALSE
440121,FALSE
440122,FALSE
440131,FALSE
440139,FALSE
440140,FALSE
440210,FALSE
440290,FALSE
440311,FALSE
440312,FALSE
440321,FALSE
440322,FALSE
440323,FALSE
440324,FALSE
440325,FALSE
440326,FALSE
440341,FALSE
440349,FALSE
440391,FALSE
440393,FALSE
440394,FALSE
440395,FALSE
440396,FALSE
440397,FALSE
440398,FALSE
440399,FALSE
440410,FALSE
440420,FALSE
440500,FALSE
440611,FALSE
440612,FALSE
440691,FALSE
440692,FALSE
440711,FALSE
440712,FALSE
440719,FALSE
440721,FALSE
440722,FALSE
440725,FALSE
440726,FALSE
440727,FALSE
440728,FALSE
440729,FALSE
440791,FALSE
440792,FALSE
440793,FALSE
440794,FALSE
440795,FALSE
440796,FALSE
440797,FALSE
440799,FALSE
440810,FALSE
440831,FALSE
440839,FALSE
440890,FALSE
440910,FALSE
440921,FALSE
440922,FALSE
440929,FALSE
441011,FALSE
441012,FALSE
441019,FALSE
441090,FALSE
441112,FALSE
441113,FALSE
441114,FALSE
441192,FALSE
441193,FALSE
441194,FALSE
441210,FALSE
441231,FALSE
441233,FALSE
441234,FALSE
441239,FALSE
441294,FALSE
441299,FALSE
441300,FALSE
441400,FALSE
441510,FALSE
441520,FALSE
441600,FALSE
441700,FALSE
441810,FALSE
441820,FALSE
441840,FALSE
441850,FALSE
441860,FALSE
441873,FALSE
441874,FALSE
441875,FALSE
441879,FALSE
441891,FALSE
441899,FALSE
441911,FALSE
441912,FALSE
441919,FALSE
441990,FALSE
442010,FALSE
442090,FALSE
442110,FALSE
442191,FALSE
442199,FALSE
450110,FALSE
450190,FALSE
450200,FALSE
450310,FALSE
450390,FALSE
450410,FALSE
450490,FALSE
460121,FALSE
460122,FALSE
460129,FALSE
460192,FALSE
460193,FALSE
460194,FALSE
460199,FALSE
460211,FALSE
460212,FALSE
460219,FALSE
460290,FALSE
470100,FALSE
470200,FALSE
470311,FALSE
470319,FALSE
470321,FALSE
470329,FALSE
470411,FALSE
470419,FALSE
470421,FALSE
470429,FALSE
470500,FALSE
470610,FALSE
470620,FALSE
470630,FALSE
470691,FALSE
470692,FALSE
470693,FALSE
470710,FALSE
470720,FALSE
470730,FALSE
470790,FALSE
480100,FALSE
480210,FALSE
480220,FALSE
480240,FALSE
480254,FALSE
480255,FALSE
480256,FALSE
480257,FALSE
480258,FALSE
480261,FALSE
480262,FALSE
480269,FALSE
480300,FALSE
480411,FALSE
480419,FALSE
480421,FALSE
480429,FALSE
480431,FALSE
480439,FALSE
480441,FALSE
480442,FALSE
480449,FALSE
480451,FALSE
480452,FALSE
480459,FALSE
480511,FALSE
480512,FALSE
480519,FALSE
480524,FALSE
480525,FALSE
480530,FALSE
480540,FALSE
480550,FALSE
480591,FALSE
480592,FALSE
480593,FALSE
480610,FALSE
480620,FALSE
480630,FALSE
480640,FALSE
480700,FALSE
480810,FALSE
480840,FALSE
480890,FALSE
480920,FALSE
480990,FALSE
481013,FALSE
481014,FALSE
481019,FALSE
481022,FALSE
481029,FALSE
481031,FALSE
481032,FALSE
481039,FALSE
481092,FALSE
481099,FALSE
481110,FALSE
481141,FALSE
481149,FALSE
481151,FALSE
481159,FALSE
481160,FALSE
481190,FALSE
481200,FALSE
481310,FALSE
481320,FALSE
481390,FALSE
481420,FALSE
481490,FALSE
481620,FALSE
481690,FALSE
481710,FALSE
481720,FALSE
481730,FALSE
481810,FALSE
481820,FALSE
481830,FALSE
481850,FALSE
481890,FALSE
481910,FALSE
481920,FALSE
481930,FALSE
481940,FALSE
481950,FALSE
481960,FALSE
482010,FALSE
482020,FALSE
482030,FALSE
482040,FALSE
482050,FALSE
482090,FALSE
482110,FALSE
482190,FALSE
482210,FALSE
482290,FALSE
482320,FALSE
482340,FALSE
482361,FALSE
482369,FALSE
482370,FALSE
482390,FALSE
490110,FALSE
490191,FALSE
490199,FALSE
490210,FALSE
490290,FALSE
490300,FALSE
490400,FALSE
490510,FALSE
490591,FALSE
490599,FALSE
490600,FALSE
490700,FALSE
490810,FALSE
490890,FALSE
490900,FALSE
491000,FALSE
491110,FALSE
491191,FALSE
491199,FALSE
500100,FALSE
500200,FALSE
500300,FALSE
500400,FALSE
500500,FALSE
500600,FALSE
500710,FALSE
500720,FALSE
500790,FALSE
510111,FALSE
510119,FALSE
510121,FALSE
510129,FALSE
510130,FALSE
510211,FALSE
510219,FALSE
510220,FALSE
510310,FALSE
510320,FALSE
510330,FALSE
510400,FALSE
510510,FALSE
510521,FALSE
510529,FALSE
510531,FALSE
510539,FALSE
510540,FALSE
510610,FALSE
510620,FALSE
510710,FALSE
510720,FALSE
510810,FALSE
510820,FALSE
510910,FALSE
510990,FALSE
511000,FALSE
511111,FALSE
511119,FALSE
511120,FALSE
511130,FALSE
511190,FALSE
511211,FALSE
511219,FALSE
511220,FALSE
511230,FALSE
511290,FALSE
511300,FALSE
520100,FALSE
520210,FALSE
520291,FALSE
520299,FALSE
520300,FALSE
520411,FALSE
520419,FALSE
520420,FALSE
520511,FALSE
520512,FALSE
520513,FALSE
520514,FALSE
520515,FALSE
520521,FALSE
520522,FALSE
520523,FALSE
520524,FALSE
520526,FALSE
520527,FALSE
520528,FALSE
520531,FALSE
520532,FALSE
520533,FALSE
520534,FALSE
520535,FALSE
520541,FALSE
520542,FALSE
520543,FALSE
520544,FALSE
520546,FALSE
520547,FALSE
520548,FALSE
520611,FALSE
520612,FALSE
520613,FALSE
520614,FALSE
520615,FALSE
520621,FALSE
520622,FALSE
520623,FALSE
520624,FALSE
520625,FALSE
520631,FALSE
520632,FALSE
520633,FALSE
520634,FALSE
520635,FALSE
520641,FALSE
520642,FALSE
520643,FALSE
520644,FALSE
520645,FALSE
520710,FALSE
520790,FALSE
520811,FALSE
520812,FALSE
520813,FALSE
520819,FALSE
520821,FALSE
520822,FALSE
520823,FALSE
520829,FALSE
520831,FALSE
520832,FALSE
520833,FALSE
520839,FALSE
520841,FALSE
520842,FALSE
520843,FALSE
520849,FALSE
520851,FALSE
520852,FALSE
520859,FALSE
520911,FALSE
520912,FALSE
520919,FALSE
520921,FALSE
520922,FALSE
520929,FALSE
520931,FALSE
520932,FALSE
520939,FALSE
520941,FALSE
520942,FALSE
520943,FALSE
520949,FALSE
520951,FALSE
520952,FALSE
520959,FALSE
521011,FALSE
521019,FALSE
521021,FALSE
521029,FALSE
521031,FALSE
521032,FALSE
521039,FALSE
521041,FALSE
521049,FALSE
521051,FALSE
521059,FALSE
521111,FALSE
521112,FALSE
521119,FALSE
521120,FALSE
521131,FALSE
521132,FALSE
521139,FALSE
521141,FALSE
521142,FALSE
521143,FALSE
521149,FALSE
521151,FALSE
521152,FALSE
521159,FALSE
521211,FALSE
521212,FALSE
521213,FALSE
521214,FALSE
521215,FALSE
521221,FALSE
521222,FALSE
521223,FALSE
521224,FALSE
521225,FALSE
530110,FALSE
530121,FALSE
530129,FALSE
530130,FALSE
530210,FALSE
530290,FALSE
530310,FALSE
530390,FALSE
530500,FALSE
530610,FALSE
530620,FALSE
530710,FALSE
530720,FALSE
530810,FALSE
530820,FALSE
530890,FALSE
530911,FALSE
530919,FALSE
530921,FALSE
530929,FALSE
531010,FALSE
531090,FALSE
531100,FALSE
540110,FALSE
540120,FALSE
540211,FALSE
540219,FALSE
540220,FALSE
540231,FALSE
540232,FALSE
540233,FALSE
540234,FALSE
540239,FALSE
540244,FALSE
540245,FALSE
540246,FALSE
540247,FALSE
540248,FALSE
540249,FALSE
540251,FALSE
540252,FALSE
540253,FALSE
540259,FALSE
540261,FALSE
540262,FALSE
540263,FALSE
540269,FALSE
540310,FALSE
540331,FALSE
540332,FALSE
540333,FALSE
540339,FALSE
540341,FALSE
540342,FALSE
540349,FALSE
540411,FALSE
540412,FALSE
540419,FALSE
540490,FALSE
540500,FALSE
540600,FALSE
540710,FALSE
540720,FALSE
540730,FALSE
540741,FALSE
540742,FALSE
540743,FALSE
540744,FALSE
540751,FALSE
540752,FALSE
540753,FALSE
540754,FALSE
540761,FALSE
540769,FALSE
540771,FALSE
540772,FALSE
540773,FALSE
540774,FALSE
540781,FALSE
540782,FALSE
540783,FALSE
540784,FALSE
540791,FALSE
540792,FALSE
540793,FALSE
540794,FALSE
540810,FALSE
540821,FALSE
540822,FALSE
540823,FALSE
540824,FALSE
540831,FALSE
540832,FALSE
540833,FALSE
540834,FALSE
550110,FALSE
550120,FALSE
550130,FALSE
550140,FALSE
550190,FALSE
550210,FALSE
550290,FALSE
550311,FALSE
550319,FALSE
550320,FALSE
550330,FALSE
550340,FALSE
550390,FALSE
550410,FALSE
550490,FALSE
550510,FALSE
550520,FALSE
550610,FALSE
550620,FALSE
550630,FALSE
550640,FALSE
550690,FALSE
550700,FALSE
550810,FALSE
550820,FALSE
550911,FALSE
550912,FALSE
550921,FALSE
550922,FALSE
550931,FALSE
550932,FALSE
550941,FALSE
550942,FALSE
550951,FALSE
550952,FALSE
550953,FALSE
550959,FALSE
550961,FALSE
550962,FALSE
550969,FALSE
550991,FALSE
550992,FALSE
550999,FALSE
551011,FALSE
551012,FALSE
551020,FALSE
551030,FALSE
551090,FALSE
551110,FALSE
551120,FALSE
551130,FALSE
551211,FALSE
551219,FALSE
551221,FALSE
551229,FALSE
551291,FALSE
551299,FALSE
551311,FALSE
551312,FALSE
551313,FALSE
551319,FALSE
551321,FALSE
551323,FALSE
551329,FALSE
551331,FALSE
551339,FALSE
551341,FALSE
551349,FALSE
551411,FALSE
551412,FALSE
551419,FALSE
551421,FALSE
551422,FALSE
551423,FALSE
551429,FALSE
551430,FALSE
551441,FALSE
551442,FALSE
551443,FALSE
551449,FALSE
551511,FALSE
551512,FALSE
551513,FALSE
551519,FALSE
551521,FALSE
551522,FALSE
551529,FALSE
551591,FALSE
551599,FALSE
551611,FALSE
551612,FALSE
551613,FALSE
551614,FALSE
551621,FALSE
551622,FALSE
551623,FALSE
551624,FALSE
551631,FALSE
551632,FALSE
551633,FALSE
551634,FALSE
551641,FALSE
551642,FALSE
551643,FALSE
551644,FALSE
551691,FALSE
551692,FALSE
551693,FALSE
551694,FALSE
560121,FALSE
560122,FALSE
560129,FALSE
560130,FALSE
560210,FALSE
560221,FALSE
560229,FALSE
560290,FALSE
560311,FALSE
560312,FALSE
560313,FALSE
560314,FALSE
560391,FALSE
560392,FALSE
560393,FALSE
560394,FALSE
560410,FALSE
560490,FALSE
560500,FALSE
560600,FALSE
560721,FALSE
560729,FALSE
560741,FALSE
560749,FALSE
560750,FALSE
560790,FALSE
560811,FALSE
560819,FALSE
560890,FALSE
560900,FALSE
570110,FALSE
570190,FALSE
570210,FALSE
570220,FALSE
570231,FALSE
570232,FALSE
570239,FALSE
570241,FALSE
570242,FALSE
570249,FALSE
570250,FALSE
570291,FALSE
570292,FALSE
570299,FALSE
570310,FALSE
570320,FALSE
570330,FALSE
570390,FALSE
570410,FALSE
570420,FALSE
570490,FALSE
570500,FALSE
580110,FALSE
580121,FALSE
580122,FALSE
580123,FALSE
580126,FALSE
580127,FALSE
580131,FALSE
580132,FALSE
580133,FALSE
580136,FALSE
580137,FALSE
580190,FALSE
580211,FALSE
580219,FALSE
580220,FALSE
580230,FALSE
580300,FALSE
580410,FALSE
580421,FALSE
580429,FALSE
580430,FALSE
580500,FALSE
580610,FALSE
580620,FALSE
580631,FALSE
580632,FALSE
580639,FALSE
580640,FALSE
580710,FALSE
580790,FALSE
580810,FALSE
580890,FALSE
580900,FALSE
581010,FALSE
581091,FALSE
581092,FALSE
581099,FALSE
581100,FALSE
590110,FALSE
590190,FALSE
590210,FALSE
590220,FALSE
590290,FALSE
590310,FALSE
590320,FALSE
590390,FALSE
590410,FALSE
590490,FALSE
590500,FALSE
590610,FALSE
590691,FALSE
590699,FALSE
590700,FALSE
590800,FALSE
590900,FALSE
591000,FALSE
591110,FALSE
591120,FALSE
591131,FALSE
591132,FALSE
591140,FALSE
591190,FALSE
600110,FALSE
600121,FALSE
600122,FALSE
600129,FALSE
600191,FALSE
600192,FALSE
600199,FALSE
600240,FALSE
600290,FALSE
600310,FALSE
600320,FALSE
600330,FALSE
600340,FALSE
600390,FALSE
600410,FALSE
600490,FALSE
600521,FALSE
600522,FALSE
600523,FALSE
600524,FALSE
600535,FALSE
600536,FALSE
600537,FALSE
600538,FALSE
600539,FALSE
600541,FALSE
600542,FALSE
600543,FALSE
600544,FALSE
600590,FALSE
600610,FALSE
600621,FALSE
600622,FALSE
600623,FALSE
600624,FALSE
600631,FALSE
600632,FALSE
600633,FALSE
600634,FALSE
600641,FALSE
600642,FALSE
600643,FALSE
600644,FALSE
600690,FALSE
610120,FALSE
610130,FALSE
610190,FALSE
610210,FALSE
610220,FALSE
610230,FALSE
610290,FALSE
610310,FALSE
610322,FALSE
610323,FALSE
610329,FALSE
610331,FALSE
610332,FALSE
610333,FALSE
610339,FALSE
610341,FALSE
610342,FALSE
610343,FALSE
610349,FALSE
610413,FALSE
610419,FALSE
610422,FALSE
610423,FALSE
610429,FALSE
610431,FALSE
610432,FALSE
610433,FALSE
610439,FALSE
610441,FALSE
610442,FALSE
610443,FALSE
610444,FALSE
610449,FALSE
610451,FALSE
610452,FALSE
610453,FALSE
610459,FALSE
610461,FALSE
610462,FALSE
610463,FALSE
610469,FALSE
610510,FALSE
610520,FALSE
610590,FALSE
610610,FALSE
610620,FALSE
610690,FALSE
610711,FALSE
610712,FALSE
610719,FALSE
610721,FALSE
610722,FALSE
610729,FALSE
610791,FALSE
610799,FALSE
610811,FALSE
610819,FALSE
610821,FALSE
610822,FALSE
610829,FALSE
610831,FALSE
610832,FALSE
610839,FALSE
610891,FALSE
610892,FALSE
610899,FALSE
610910,FALSE
610990,FALSE
611011,FALSE
611012,FALSE
611019,FALSE
611020,FALSE
611030,FALSE
611090,FALSE
611120,FALSE
611130,FALSE
611190,FALSE
611211,FALSE
611212,FALSE
611219,FALSE
611220,FALSE
611231,FALSE
611239,FALSE
611241,FALSE
611249,FALSE
611300,FALSE
611420,FALSE
611430,FALSE
611490,FALSE
611510,FALSE
611521,FALSE
611522,FALSE
611529,FALSE
611530,FALSE
611594,FALSE
611595,FALSE
611596,FALSE
611599,FALSE
611610,FALSE
611691,FALSE
611692,FALSE
611693,FALSE
611699,FALSE
611710,FALSE
611780,FALSE
611790,FALSE
620111,FALSE
620112,FALSE
620113,FALSE
620119,FALSE
620191,FALSE
620192,FALSE
620193,FALSE
620199,FALSE
620211,FALSE
620212,FALSE
620213,FALSE
620219,FALSE
620291,FALSE
620292,FALSE
620293,FALSE
620299,FALSE
620311,FALSE
620312,FALSE
620319,FALSE
620322,FALSE
620323,FALSE
620329,FALSE
620331,FALSE
620332,FALSE
620333,FALSE
620339,FALSE
620341,FALSE
620342,FALSE
620343,FALSE
620349,FALSE
620411,FALSE
620412,FALSE
620413,FALSE
620419,FALSE
620421,FALSE
620422,FALSE
620423,FALSE
620429,FALSE
620431,FALSE
620432,FALSE
620433,FALSE
620439,FALSE
620441,FALSE
620442,FALSE
620443,FALSE
620444,FALSE
620449,FALSE
620451,FALSE
620452,FALSE
620453,FALSE
620459,FALSE
620461,FALSE
620462,FALSE
620463,FALSE
620469,FALSE
620520,FALSE
620530,FALSE
620590,FALSE
620610,FALSE
620620,FALSE
620630,FALSE
620640,FALSE
620690,FALSE
620711,FALSE
620719,FALSE
620721,FALSE
620722,FALSE
620729,FALSE
620791,FALSE
620799,FALSE
620811,FALSE
620819,FALSE
620821,FALSE
620822,FALSE
620829,FALSE
620891,FALSE
620892,FALSE
620899,FALSE
620920,FALSE
620930,FALSE
620990,FALSE
621010,FALSE
621020,FALSE
621030,FALSE
621040,FALSE
621050,FALSE
621111,FALSE
621112,FALSE
621120,FALSE
621132,FALSE
621133,FALSE
621139,FALSE
621142,FALSE
621143,FALSE
621149,FALSE
621210,FALSE
621220,FALSE
621230,FALSE
621290,FALSE
621320,FALSE
621390,FALSE
621410,FALSE
621420,FALSE
621430,FALSE
621440,FALSE
621490,FALSE
621510,FALSE
621520,FALSE
621590,FALSE
621600,FALSE
621710,FALSE
621790,FALSE
630110,FALSE
630120,FALSE
630130,FALSE
630140,FALSE
630190,FALSE
630210,FALSE
630221,FALSE
630222,FALSE
630229,FALSE
630231,FALSE
630232,FALSE
630239,FALSE
630240,FALSE
630251,FALSE
630253,FALSE
630259,FALSE
630260,FALSE
630291,FALSE
630293,FALSE
630299,FALSE
630312,FALSE
630319,FALSE
630391,FALSE
630392,FALSE
630399,FALSE
630411,FALSE
630419,FALSE
630420,FALSE
630491,FALSE
630492,FALSE
630493,FALSE
630499,FALSE
630510,FALSE
630520,FALSE
630532,FALSE
630533,FALSE
630539,FALSE
630590,FALSE
630612,FALSE
630619,FALSE
630622,FALSE
630629,FALSE
630630,FALSE
630640,FALSE
630690,FALSE
630710,FALSE
630720,FALSE
630790,FALSE
630800,FALSE
630900,FALSE
631010,FALSE
631090,FALSE
640110,FALSE
640192,FALSE
640199,FALSE
640212,FALSE
640219,FALSE
640220,FALSE
640291,FALSE
640299,FALSE
640312,FALSE
640319,FALSE
640320,FALSE
640340,FALSE
640351,FALSE
640359,FALSE
640391,FALSE
640399,FALSE
640411,FALSE
640419,FALSE
640420,FALSE
640510,FALSE
640520,FALSE
640590,FALSE
640610,FALSE
640620,FALSE
640690,FALSE
650100,FALSE
650200,FALSE
650400,FALSE
650500,FALSE
650610,FALSE
650691,FALSE
650699,FALSE
650700,FALSE
660110,FALSE
660191,FALSE
660199,FALSE
660200,FALSE
660320,FALSE
660390,FALSE
670100,FALSE
670210,FALSE
670290,FALSE
670300,FALSE
670411,FALSE
670419,FALSE
670420,FALSE
670490,FALSE
680100,FALSE
680210,FALSE
680221,FALSE
680223,FALSE
680229,FALSE
680291,FALSE
680292,FALSE
680293,FALSE
680299,FALSE
680300,FALSE
680410,FALSE
680421,FALSE
680422,FALSE
680423,FALSE
680430,FALSE
680510,FALSE
680520,FALSE
680530,FALSE
680610,FALSE
680620,FALSE
680690,FALSE
680710,FALSE
680790,FALSE
680800,FALSE
680911,FALSE
680919,FALSE
680990,FALSE
681011,FALSE
681019,FALSE
681091,FALSE
681099,FALSE
681140,FALSE
681181,FALSE
681182,FALSE
681189,FALSE
681280,FALSE
681291,FALSE
681292,FALSE
681293,FALSE
681299,FALSE
681320,FALSE
681381,FALSE
681389,FALSE
681410,FALSE
681490,FALSE
681510,FALSE
681520,FALSE
681591,FALSE
681599,FALSE
690100,FALSE
690210,FALSE
690220,FALSE
690290,FALSE
690310,FALSE
690320,FALSE
690390,FALSE
690410,FALSE
690490,FALSE
690510,FALSE
690590,FALSE
690600,FALSE
690721,FALSE
690722,FALSE
690723,FALSE
690730,FALSE
690740,FALSE
690911,FALSE
690912,FALSE
690919,FALSE
690990,FALSE
691010,FALSE
691090,FALSE
691110,FALSE
691190,FALSE
691200,FALSE
691310,FALSE
691390,FALSE
691410,FALSE
691490,FALSE
700100,FALSE
700210,FALSE
700220,FALSE
700231,FALSE
700232,FALSE
700239,FALSE
700312,FALSE
700319,FALSE
700320,FALSE
700330,FALSE
700420,FALSE
700490,FALSE
700510,FALSE
700521,FALSE
700529,FALSE
700530,FALSE
700600,FALSE
700711,FALSE
700719,FALSE
700721,FALSE
700729,FALSE
700800,FALSE
700910,FALSE
700991,FALSE
700992,FALSE
701010,FALSE
701020,FALSE
701090,FALSE
701110,FALSE
701120,FALSE
701190,FALSE
701310,FALSE
701322,FALSE
701328,FALSE
701333,FALSE
701337,FALSE
701341,FALSE
701342,FALSE
701349,FALSE
701391,FALSE
701399,FALSE
701400,FALSE
701510,FALSE
701590,FALSE
701610,FALSE
701690,FALSE
701710,FALSE
701720,FALSE
701790,FALSE
701810,FALSE
701820,FALSE
701890,FALSE
701911,FALSE
701912,FALSE
701919,FALSE
701931,FALSE
701932,FALSE
701939,FALSE
701940,FALSE
701951,FALSE
701952,FALSE
701959,FALSE
701990,FALSE
702000,FALSE
710110,FALSE
710121,FALSE
710122,FALSE
710210,FALSE
710221,FALSE
710229,FALSE
710231,FALSE
710239,FALSE
710310,FALSE
710391,FALSE
710399,FALSE
710410,FALSE
710420,FALSE
710490,FALSE
710510,FALSE
710590,FALSE
710610,FALSE
710691,FALSE
710692,FALSE
710700,FALSE
710811,FALSE
710812,FALSE
710813,FALSE
710820,FALSE
710900,FALSE
711011,FALSE
711019,FALSE
711021,FALSE
711029,FALSE
711031,FALSE
711039,FALSE
711041,FALSE
711049,FALSE
711100,FALSE
711230,FALSE
711291,FALSE
711292,FALSE
711299,FALSE
711311,FALSE
711319,FALSE
711320,FALSE
711411,FALSE
711419,FALSE
711420,FALSE
711510,FALSE
711590,FALSE
711610,FALSE
711620,FALSE
711711,FALSE
711719,FALSE
711790,FALSE
711810,FALSE
711890,FALSE
720110,FALSE
720120,FALSE
720150,FALSE
720211,FALSE
720219,FALSE
720221,FALSE
720229,FALSE
720230,FALSE
720241,FALSE
720249,FALSE
720250,FALSE
720260,FALSE
720270,FALSE
720280,FALSE
720291,FALSE
720292,FALSE
720293,FALSE
720299,FALSE
720310,FALSE
720390,FALSE
720410,FALSE
720421,FALSE
720429,FALSE
720430,FALSE
720441,FALSE
720449,FALSE
720450,FALSE
720510,FALSE
720521,FALSE
720529,FALSE
720610,FALSE
720690,FALSE
720711,FALSE
720712,FALSE
720719,FALSE
720720,FALSE
720810,FALSE
720825,FALSE
720826,FALSE
720827,FALSE
720836,FALSE
720837,FALSE
720838,FALSE
720839,FALSE
720840,FALSE
720851,FALSE
720852,FALSE
720853,FALSE
720854,FALSE
720890,FALSE
720915,FALSE
720916,FALSE
720917,FALSE
720918,FALSE
720925,FALSE
720926,FALSE
720927,FALSE
720928,FALSE
720990,FALSE
721011,FALSE
721012,FALSE
721020,FALSE
721030,FALSE
721041,FALSE
721049,FALSE
721050,FALSE
721061,FALSE
721069,FALSE
721070,FALSE
721090,FALSE
721113,FALSE
721114,FALSE
721119,FALSE
721123,FALSE
721129,FALSE
721190,FALSE
721210,FALSE
721220,FALSE
721230,FALSE
721240,FALSE
721250,FALSE
721260,FALSE
721310,FALSE
721320,FALSE
721391,FALSE
721399,FALSE
721410,FALSE
721420,FALSE
721430,FALSE
721491,FALSE
721499,FALSE
721510,FALSE
721550,FALSE
721590,FALSE
721610,FALSE
721621,FALSE
721622,FALSE
721631,FALSE
721632,FALSE
721633,FALSE
721640,FALSE
721650,FALSE
721661,FALSE
721669,FALSE
721691,FALSE
721699,FALSE
721710,FALSE
721720,FALSE
721730,FALSE
721790,FALSE
721810,FALSE
721891,FALSE
721899,FALSE
721911,FALSE
721912,FALSE
721913,FALSE
721914,FALSE
721921,FALSE
721922,FALSE
721923,FALSE
721924,FALSE
721931,FALSE
721932,FALSE
721933,FALSE
721934,FALSE
721935,FALSE
721990,FALSE
722011,FALSE
722012,FALSE
722020,FALSE
722090,FALSE
722100,FALSE
722211,FALSE
722219,FALSE
722220,FALSE
722230,FALSE
722240,FALSE
722300,FALSE
722410,FALSE
722490,FALSE
722511,FALSE
722519,FALSE
722530,FALSE
722540,FALSE
722550,FALSE
722591,FALSE
722592,FALSE
722599,FALSE
722611,FALSE
722619,FALSE
722620,FALSE
722691,FALSE
722692,FALSE
722699,FALSE
722710,FALSE
722720,FALSE
722790,FALSE
722810,FALSE
722820,FALSE
722830,FALSE
722840,FALSE
722850,FALSE
722860,FALSE
722870,FALSE
722880,FALSE
722920,FALSE
722990,FALSE
730110,FALSE
730120,FALSE
730210,FALSE
730230,FALSE
730240,FALSE
730290,FALSE
730300,FALSE
730411,FALSE
730419,FALSE
730422,FALSE
730423,FALSE
730424,FALSE
730429,FALSE
730431,FALSE
730439,FALSE
730441,FALSE
730449,FALSE
730451,FALSE
730459,FALSE
730490,FALSE
730511,FALSE
730512,FALSE
730519,FALSE
730520,FALSE
730531,FALSE
730539,FALSE
730590,FALSE
730611,FALSE
730619,FALSE
730621,FALSE
730629,FALSE
730630,FALSE
730640,FALSE
730650,FALSE
730661,FALSE
730669,FALSE
730690,FALSE
730711,FALSE
730719,FALSE
730721,FALSE
730722,FALSE
730723,FALSE
730729,FALSE
730791,FALSE
730792,FALSE
730793,FALSE
730799,FALSE
730810,FALSE
730820,FALSE
730830,FALSE
730840,FALSE
730890,FALSE
730900,FALSE
731010,FALSE
731021,FALSE
731029,FALSE
731100,FALSE
731210,FALSE
731290,FALSE
731300,FALSE
731412,FALSE
731414,FALSE
731419,FALSE
731420,FALSE
731431,FALSE
731439,FALSE
731441,FALSE
731442,FALSE
731449,FALSE
731450,FALSE
731511,FALSE
731512,FALSE
731519,FALSE
731520,FALSE
731581,FALSE
731582,FALSE
731589,FALSE
731590,FALSE
731600,FALSE
731700,FALSE
731811,FALSE
731812,FALSE
731813,FALSE
731814,FALSE
731815,FALSE
731816,FALSE
731819,FALSE
731821,FALSE
731822,FALSE
731823,FALSE
731824,FALSE
731829,FALSE
731940,FALSE
731990,FALSE
732010,FALSE
732020,FALSE
732090,FALSE
732111,FALSE
732112,FALSE
732119,FALSE
732181,FALSE
732182,FALSE
732189,FALSE
732190,FALSE
732211,FALSE
732219,FALSE
732290,FALSE
732310,FALSE
732391,FALSE
732392,FALSE
732393,FALSE
732394,FALSE
732399,FALSE
732410,FALSE
732421,FALSE
732429,FALSE
732490,FALSE
732510,FALSE
732591,FALSE
732599,FALSE
732611,FALSE
732619,FALSE
732620,FALSE
732690,FALSE
740100,FALSE
740200,FALSE
740311,FALSE
740312,FALSE
740313,FALSE
740319,FALSE
740321,FALSE
740322,FALSE
740329,FALSE
740400,FALSE
740500,FALSE
740610,FALSE
740620,FALSE
740710,FALSE
740721,FALSE
740729,FALSE
740811,FALSE
740819,FALSE
740821,FALSE
740822,FALSE
740829,FALSE
740911,FALSE
740919,FALSE
740921,FALSE
740929,FALSE
740931,FALSE
740939,FALSE
740940,FALSE
740990,FALSE
741011,FALSE
741012,FALSE
741021,FALSE
741022,FALSE
741110,FALSE
741121,FALSE
741122,FALSE
741129,FALSE
741210,FALSE
741220,FALSE
741300,FALSE
741510,FALSE
741521,FALSE
741529,FALSE
741533,FALSE
741539,FALSE
741810,FALSE
741820,FALSE
741910,FALSE
741991,FALSE
741999,FALSE
750110,FALSE
750120,FALSE
750210,FALSE
750220,FALSE
750300,FALSE
750400,FALSE
750511,FALSE
750512,FALSE
750521,FALSE
750522,FALSE
750610,FALSE
750620,FALSE
750711,FALSE
750712,FALSE
750720,FALSE
750810,FALSE
750890,FALSE
760110,FALSE
760120,FALSE
760200,FALSE
760310,FALSE
760320,FALSE
760410,FALSE
760421,FALSE
760429,FALSE
760511,FALSE
760519,FALSE
760521,FALSE
760529,FALSE
760611,FALSE
760612,FALSE
760691,FALSE
760692,FALSE
760711,FALSE
760719,FALSE
760720,FALSE
760810,FALSE
760820,FALSE
760900,FALSE
761010,FALSE
761090,FALSE
761100,FALSE
761210,FALSE
761290,FALSE
761300,FALSE
761410,FALSE
761490,FALSE
761510,FALSE
761520,FALSE
761610,FALSE
761691,FALSE
761699,FALSE
780110,FALSE
780191,FALSE
780199,FALSE
780200,FALSE
780411,FALSE
780419,FALSE
780420,FALSE
780600,FALSE
790111,FALSE
790112,FALSE
790120,FALSE
790200,FALSE
790310,FALSE
790390,FALSE
790400,FALSE
790500,FALSE
790700,FALSE
800110,FALSE
800120,FALSE
800200,FALSE
800300,FALSE
800700,FALSE
810110,FALSE
810194,FALSE
810196,FALSE
810197,FALSE
810199,FALSE
810210,FALSE
810294,FALSE
810295,FALSE
810296,FALSE
810297,FALSE
810299,FALSE
810320,FALSE
810330,FALSE
810390,FALSE
810411,FALSE
810419,FALSE
810420,FALSE
810430,FALSE
810490,FALSE
810520,FALSE
810530,FALSE
810590,FALSE
810600,FALSE
810720,FALSE
810730,FALSE
810790,FALSE
810820,FALSE
810830,FALSE
810890,FALSE
810920,FALSE
810930,FALSE
810990,FALSE
811010,FALSE
811020,FALSE
811090,FALSE
811100,FALSE
811212,FALSE
811213,FALSE
811219,FALSE
811221,FALSE
811222,FALSE
811229,FALSE
811251,FALSE
811252,FALSE
811259,FALSE
811292,FALSE
811299,FALSE
811300,FALSE
820110,FALSE
820130,FALSE
820140,FALSE
820150,FALSE
820160,FALSE
820190,FALSE
820210,FALSE
820220,FALSE
820231,FALSE
820239,FALSE
820240,FALSE
820291,FALSE
820299,FALSE
820310,FALSE
820320,FALSE
820330,FALSE
820340,FALSE
820411,FALSE
820412,FALSE
820420,FALSE
820510,FALSE
820520,FALSE
820530,FALSE
820540,FALSE
820551,FALSE
820559,FALSE
820560,FALSE
820570,FALSE
820590,FALSE
820600,FALSE
820713,FALSE
820719,FALSE
820720,FALSE
820730,FALSE
820740,FALSE
820750,FALSE
820760,FALSE
820770,FALSE
820780,FALSE
820790,FALSE
820810,FALSE
820820,FALSE
820830,FALSE
820840,FALSE
820890,FALSE
820900,FALSE
821000,FALSE
821110,FALSE
821191,FALSE
821192,FALSE
821193,FALSE
821194,FALSE
821195,FALSE
821210,FALSE
821220,FALSE
821290,FALSE
821300,FALSE
821410,FALSE
821420,FALSE
821490,FALSE
821510,FALSE
821520,FALSE
821591,FALSE
821599,FALSE
830110,FALSE
830120,FALSE
830130,FALSE
830140,FALSE
830150,FALSE
830160,FALSE
830170,FALSE
830210,FALSE
830220,FALSE
830230,FALSE
830241,FALSE
830242,FALSE
830249,FALSE
830250,FALSE
830260,FALSE
830300,FALSE
830400,FALSE
830510,FALSE
830520,FALSE
830590,FALSE
830610,FALSE
830621,FALSE
830629,FALSE
830630,FALSE
830710,FALSE
830790,FALSE
830810,FALSE
830820,FALSE
830890,FALSE
830910,FALSE
830990,FALSE
831000,FALSE
831110,FALSE
831120,FALSE
831130,FALSE
831190,FALSE
840110,FALSE
840120,FALSE
840130,FALSE
840140,FALSE
840211,FALSE
840212,FALSE
840219,FALSE
840220,FALSE
840290,FALSE
840310,FALSE
840390,FALSE
840410,FALSE
840420,FALSE
840490,FALSE
840510,FALSE
840590,FALSE
840610,FALSE
840681,FALSE
840682,FALSE
840690,FALSE
840710,FALSE
840721,FALSE
840729,FALSE
840731,FALSE
840732,FALSE
840733,FALSE
840734,FALSE
840790,FALSE
840810,FALSE
840820,FALSE
840890,FALSE
840910,FALSE
840991,FALSE
840999,FALSE
841011,FALSE
841012,FALSE
841013,FALSE
841090,FALSE
841111,FALSE
841112,FALSE
841121,FALSE
841122,FALSE
841181,FALSE
841182,FALSE
841191,FALSE
841199,FALSE
841210,FALSE
841221,FALSE
841229,FALSE
841231,FALSE
841239,FALSE
841280,FALSE
841290,FALSE
841311,FALSE
841319,FALSE
841320,FALSE
841330,FALSE
841340,FALSE
841350,FALSE
841360,FALSE
841370,FALSE
841381,FALSE
841382,FALSE
841391,FALSE
841392,FALSE
841410,FALSE
841420,FALSE
841430,FALSE
841440,FALSE
841451,FALSE
841459,FALSE
841460,FALSE
841480,FALSE
841490,FALSE
841510,FALSE
841520,FALSE
841581,FALSE
841582,FALSE
841583,FALSE
841590,FALSE
841610,FALSE
841620,FALSE
841630,FALSE
841690,FALSE
841710,FALSE
841720,FALSE
841780,FALSE
841790,FALSE
841810,FALSE
841821,FALSE
841829,FALSE
841830,FALSE
841840,FALSE
841850,FALSE
841861,FALSE
841869,FALSE
841891,FALSE
841899,FALSE
841911,FALSE
841919,FALSE
841920,FALSE
841931,FALSE
841932,FALSE
841939,FALSE
841940,FALSE
841950,FALSE
841960,FALSE
841981,FALSE
841989,FALSE
841990,FALSE
842010,FALSE
842091,FALSE
842099,FALSE
842111,FALSE
842112,FALSE
842119,FALSE
842121,FALSE
842122,FALSE
842123,FALSE
842129,FALSE
842131,FALSE
842139,FALSE
842191,FALSE
842199,FALSE
842211,FALSE
842219,FALSE
842220,FALSE
842230,FALSE
842240,FALSE
842290,FALSE
842310,FALSE
842320,FALSE
842330,FALSE
842381,FALSE
842382,FALSE
842389,FALSE
842390,FALSE
842410,FALSE
842420,FALSE
842430,FALSE
842441,FALSE
842449,FALSE
842482,FALSE
842489,FALSE
842490,FALSE
842511,FALSE
842519,FALSE
842531,FALSE
842539,FALSE
842541,FALSE
842542,FALSE
842549,FALSE
842611,FALSE
842612,FALSE
842619,FALSE
842620,FALSE
842630,FALSE
842641,FALSE
842649,FALSE
842691,FALSE
842699,FALSE
842710,FALSE
842720,FALSE
842790,FALSE
842810,FALSE
842820,FALSE
842831,FALSE
842832,FALSE
842833,FALSE
842839,FALSE
842840,FALSE
842860,FALSE
842890,FALSE
842911,FALSE
842919,FALSE
842920,FALSE
842930,FALSE
842940,FALSE
842951,FALSE
842952,FALSE
842959,FALSE
843010,FALSE
843020,FALSE
843031,FALSE
843039,FALSE
843041,FALSE
843049,FALSE
843050,FALSE
843061,FALSE
843069,FALSE
843110,FALSE
843120,FALSE
843131,FALSE
843139,FALSE
843141,FALSE
843142,FALSE
843143,FALSE
843149,FALSE
843210,FALSE
843221,FALSE
843229,FALSE
843231,FALSE
843239,FALSE
843241,FALSE
843242,FALSE
843280,FALSE
843290,FALSE
843311,FALSE
843319,FALSE
843320,FALSE
843330,FALSE
843340,FALSE
843351,FALSE
843352,FALSE
843353,FALSE
843359,FALSE
843360,FALSE
843390,FALSE
843410,FALSE
843420,FALSE
843490,FALSE
843510,FALSE
843590,FALSE
843610,FALSE
843621,FALSE
843629,FALSE
843680,FALSE
843691,FALSE
843699,FALSE
843710,FALSE
843780,FALSE
843790,FALSE
843810,FALSE
843820,FALSE
843830,FALSE
843840,FALSE
843850,FALSE
843860,FALSE
843880,FALSE
843890,FALSE
843910,FALSE
843920,FALSE
843930,FALSE
843991,FALSE
843999,FALSE
844010,FALSE
844090,FALSE
844110,FALSE
844120,FALSE
844130,FALSE
844140,FALSE
844180,FALSE
844190,FALSE
844230,FALSE
844240,FALSE
844250,FALSE
844311,FALSE
844312,FALSE
844313,FALSE
844314,FALSE
844315,FALSE
844316,FALSE
844317,FALSE
844319,FALSE
844331,TRUE
844332,TRUE
844339,FALSE
844391,FALSE
844399,FALSE
844400,FALSE
844511,FALSE
844512,FALSE
844513,FALSE
844519,FALSE
844520,FALSE
844530,FALSE
844540,FALSE
844590,FALSE
844610,FALSE
844621,FALSE
844629,FALSE
844630,FALSE
844711,FALSE
844712,FALSE
844720,FALSE
844790,FALSE
844811,FALSE
844819,FALSE
844820,FALSE
844831,FALSE
844832,FALSE
844833,FALSE
844839,FALSE
844842,FALSE
844849,FALSE
844851,FALSE
844859,FALSE
844900,FALSE
845011,FALSE
845012,FALSE
845019,FALSE
845020,FALSE
845090,FALSE
845110,FALSE
845121,FALSE
845129,FALSE
845130,FALSE
845140,FALSE
845150,FALSE
845180,FALSE
845190,FALSE
845210,FALSE
845221,FALSE
845229,FALSE
845230,FALSE
845290,FALSE
845310,FALSE
845320,FALSE
845380,FALSE
845390,FALSE
845410,FALSE
845420,FALSE
845430,FALSE
845490,FALSE
845510,FALSE
845521,FALSE
845522,FALSE
845530,FALSE
845590,FALSE
845611,FALSE
845612,FALSE
845620,FALSE
845630,FALSE
845640,FALSE
845650,FALSE
845690,FALSE
845710,FALSE
845720,FALSE
845730,FALSE
845811,FALSE
845819,FALSE
845891,FALSE
845899,FALSE
845910,FALSE
845921,FALSE
845929,FALSE
845931,FALSE
845939,FALSE
845941,FALSE
845949,FALSE
845951,FALSE
845959,FALSE
845961,FALSE
845969,FALSE
845970,FALSE
846012,FALSE
846019,FALSE
846022,FALSE
846023,FALSE
846024,FALSE
846029,FALSE
846031,FALSE
846039,FALSE
846040,FALSE
846090,FALSE
846120,FALSE
846130,FALSE
846140,FALSE
846150,FALSE
846190,FALSE
846210,FALSE
846221,FALSE
846229,FALSE
846231,FALSE
846239,FALSE
846241,FALSE
846249,FALSE
846291,FALSE
846299,FALSE
846310,FALSE
846320,FALSE
846330,FALSE
846390,FALSE
846410,FALSE
846420,FALSE
846490,FALSE
846510,FALSE
846520,FALSE
846591,FALSE
846592,FALSE
846593,FALSE
846594,FALSE
846595,FALSE
846596,FALSE
846599,FALSE
846610,FALSE
846620,FALSE
846630,FALSE
846691,FALSE
846692,FALSE
846693,FALSE
846694,FALSE
846711,FALSE
846719,FALSE
846721,FALSE
846722,FALSE
846729,FALSE
846781,FALSE
846789,FALSE
846791,FALSE
846792,FALSE
846799,FALSE
846810,FALSE
846820,FALSE
846880,FALSE
846890,FALSE
847010,FALSE
847021,FALSE
847029,FALSE
847030,FALSE
847050,TRUE
847090,FALSE
847130,TRUE
847141,TRUE
847149,TRUE
847150,TRUE
847160,TRUE
847170,TRUE
847180,TRUE
847190,TRUE
847210,FALSE
847230,FALSE
847290,TRUE
847321,FALSE
847329,FALSE
847330,TRUE
847340,TRUE
847350,TRUE
847410,FALSE
847420,FALSE
847431,FALSE
847432,FALSE
847439,FALSE
847480,FALSE
847490,FALSE
847510,FALSE
847521,FALSE
847529,FALSE
847590,FALSE
847621,FALSE
847629,FALSE
847681,FALSE
847689,FALSE
847690,FALSE
847710,FALSE
847720,FALSE
847730,FALSE
847740,FALSE
847751,FALSE
847759,FALSE
847780,FALSE
847790,FALSE
847810,FALSE
847890,FALSE
847910,FALSE
847920,FALSE
847930,FALSE
847940,FALSE
847950,FALSE
847960,FALSE
847971,FALSE
847979,FALSE
847981,FALSE
847982,FALSE
847989,FALSE
847990,FALSE
848010,FALSE
848020,FALSE
848030,FALSE
848041,FALSE
848049,FALSE
848050,FALSE
848060,FALSE
848071,FALSE
848079,FALSE
848110,FALSE
848120,FALSE
848130,FALSE
848140,FALSE
848180,FALSE
848190,FALSE
848210,FALSE
848220,FALSE
848230,FALSE
848240,FALSE
848250,FALSE
848280,FALSE
848291,FALSE
848299,FALSE
848310,FALSE
848320,FALSE
848330,FALSE
848340,FALSE
848350,FALSE
848360,FALSE
848390,FALSE
848410,FALSE
848420,FALSE
848490,FALSE
848610,FALSE
848620,FALSE
848630,FALSE
848640,FALSE
848690,FALSE
848710,FALSE
848790,FALSE
850110,FALSE
850120,FALSE
850131,FALSE
850132,FALSE
850133,FALSE
850134,FALSE
850140,FALSE
850151,FALSE
850152,FALSE
850153,FALSE
850161,FALSE
850162,FALSE
850163,FALSE
850164,FALSE
850211,FALSE
850212,FALSE
850213,FALSE
850220,FALSE
850231,FALSE
850239,FALSE
850240,FALSE
850300,FALSE
850410,FALSE
850421,FALSE
850422,FALSE
850423,FALSE
850431,FALSE
850432,FALSE
850433,FALSE
850434,FALSE
850440,FALSE
850450,FALSE
850490,FALSE
850511,FALSE
850519,FALSE
850520,FALSE
850590,FALSE
850610,FALSE
850630,FALSE
850640,FALSE
850650,FALSE
850660,FALSE
850680,FALSE
850690,FALSE
850710,FALSE
850720,FALSE
850730,FALSE
850740,FALSE
850750,FALSE
850760,FALSE
850780,FALSE
850790,FALSE
850811,FALSE
850819,FALSE
850860,FALSE
850870,FALSE
850940,FALSE
850980,FALSE
850990,FALSE
851010,FALSE
851020,FALSE
851030,FALSE
851090,FALSE
851110,FALSE
851120,FALSE
851130,FALSE
851140,FALSE
851150,FALSE
851180,FALSE
851190,FALSE
851210,FALSE
851220,FALSE
851230,FALSE
851240,FALSE
851290,FALSE
851310,FALSE
851390,FALSE
851410,FALSE
851420,FALSE
851430,FALSE
851440,FALSE
851490,FALSE
851511,FALSE
851519,FALSE
851521,FALSE
851529,FALSE
851531,FALSE
851539,FALSE
851580,FALSE
851590,FALSE
851610,FALSE
851621,FALSE
851629,FALSE
851631,FALSE
851632,FALSE
851633,FALSE
851640,FALSE
851650,FALSE
851660,FALSE
851671,FALSE
851672,FALSE
851679,FALSE
851680,FALSE
851690,FALSE
851711,TRUE
851712,TRUE
851718,TRUE
851761,TRUE
851762,TRUE
851769,TRUE
851770,TRUE
851810,TRUE
851821,TRUE
851822,TRUE
851829,TRUE
851830,TRUE
851840,TRUE
851850,TRUE
851890,TRUE
851920,TRUE
851930,TRUE
851950,TRUE
851981,TRUE
851989,TRUE
852110,TRUE
852190,TRUE
852210,TRUE
852290,TRUE
852321,TRUE
852329,FALSE
852341,FALSE
852349,FALSE
852351,TRUE
852352,TRUE
852359,TRUE
852380,TRUE
852550,TRUE
852560,TRUE
852580,TRUE
852610,FALSE
852691,FALSE
852692,FALSE
852712,TRUE
852713,TRUE
852719,TRUE
852721,TRUE
852729,TRUE
852791,TRUE
852792,TRUE
852799,TRUE
852842,TRUE
852849,TRUE
852852,TRUE
852859,TRUE
852862,TRUE
852869,TRUE
852871,TRUE
852872,TRUE
852873,TRUE
852910,TRUE
852990,TRUE
853010,FALSE
853080,FALSE
853090,FALSE
853110,TRUE
853120,FALSE
853180,FALSE
853190,FALSE
853210,FALSE
853221,FALSE
853222,FALSE
853223,FALSE
853224,FALSE
853225,FALSE
853229,FALSE
853230,FALSE
853290,FALSE
853310,FALSE
853321,FALSE
853329,FALSE
853331,FALSE
853339,FALSE
853340,FALSE
853390,FALSE
853400,TRUE
853510,FALSE
853521,FALSE
853529,FALSE
853530,FALSE
853540,FALSE
853590,FALSE
853610,FALSE
853620,FALSE
853630,FALSE
853641,FALSE
853649,FALSE
853650,FALSE
853661,FALSE
853669,FALSE
853670,FALSE
853690,FALSE
853710,FALSE
853720,FALSE
853810,FALSE
853890,FALSE
853910,FALSE
853921,FALSE
853922,FALSE
853929,FALSE
853931,FALSE
853932,FALSE
853939,FALSE
853941,FALSE
853949,FALSE
853950,FALSE
853990,FALSE
854011,TRUE
854012,TRUE
854020,TRUE
854040,TRUE
854060,TRUE
854071,TRUE
854079,TRUE
854081,TRUE
854089,TRUE
854091,TRUE
854099,TRUE
854110,TRUE
854121,TRUE
854129,TRUE
854130,TRUE
854140,FALSE
854150,FALSE
854160,TRUE
854190,TRUE
854231,TRUE
854232,TRUE
854233,TRUE
854239,TRUE
854290,TRUE
854310,FALSE
854320,FALSE
854330,FALSE
854370,FALSE
854390,FALSE
854411,FALSE
854419,FALSE
854420,FALSE
854430,FALSE
854442,FALSE
854449,FALSE
854460,FALSE
854470,FALSE
854511,FALSE
854519,FALSE
854520,FALSE
854590,FALSE
854610,FALSE
854620,FALSE
854690,FALSE
854710,FALSE
854720,FALSE
854790,FALSE
854810,FALSE
854890,FALSE
860110,FALSE
860120,FALSE
860210,FALSE
860290,FALSE
860310,FALSE
860390,FALSE
860400,FALSE
860500,FALSE
860610,FALSE
860630,FALSE
860691,FALSE
860692,FALSE
860699,FALSE
860711,FALSE
860712,FALSE
860719,FALSE
860721,FALSE
860729,FALSE
860730,FALSE
860791,FALSE
860799,FALSE
860800,FALSE
860900,FALSE
870110,FALSE
870120,FALSE
870130,FALSE
870191,FALSE
870192,FALSE
870193,FALSE
870194,FALSE
870195,FALSE
870210,FALSE
870220,FALSE
870230,FALSE
870240,FALSE
870290,FALSE
870310,FALSE
870321,FALSE
870322,FALSE
870323,FALSE
870324,FALSE
870331,FALSE
870332,FALSE
870333,FALSE
870340,FALSE
870350,FALSE
870360,FALSE
870370,FALSE
870380,FALSE
870390,FALSE
870410,FALSE
870421,FALSE
870422,FALSE
870423,FALSE
870431,FALSE
870432,FALSE
870490,FALSE
870510,FALSE
870520,FALSE
870530,FALSE
870540,FALSE
870590,FALSE
870600,FALSE
870710,FALSE
870790,FALSE
870810,FALSE
870821,FALSE
870829,FALSE
870830,FALSE
870840,FALSE
870850,FALSE
870870,FALSE
870880,FALSE
870891,FALSE
870892,FALSE
870893,FALSE
870894,FALSE
870895,FALSE
870899,FALSE
870911,FALSE
870919,FALSE
870990,FALSE
871000,FALSE
871110,FALSE
871120,FALSE
871130,FALSE
871140,FALSE
871150,FALSE
871160,FALSE
871190,FALSE
871200,FALSE
871310,FALSE
871390,FALSE
871410,FALSE
871420,FALSE
871491,FALSE
871492,FALSE
871493,FALSE
871494,FALSE
871495,FALSE
871496,FALSE
871499,FALSE
871500,FALSE
871610,FALSE
871620,FALSE
871631,FALSE
871639,FALSE
871640,FALSE
871680,FALSE
871690,FALSE
880100,FALSE
880211,FALSE
880212,FALSE
880220,FALSE
880230,FALSE
880240,FALSE
880260,FALSE
880310,FALSE
880320,FALSE
880330,FALSE
880390,FALSE
880400,FALSE
880510,FALSE
880521,FALSE
880529,FALSE
890110,FALSE
890120,FALSE
890130,FALSE
890190,FALSE
890200,FALSE
890310,FALSE
890391,FALSE
890392,FALSE
890399,FALSE
890400,FALSE
890510,FALSE
890520,FALSE
890590,FALSE
890610,FALSE
890690,FALSE
890710,FALSE
890790,FALSE
890800,FALSE
900110,FALSE
900120,FALSE
900130,FALSE
900140,FALSE
900150,FALSE
900190,FALSE
900211,FALSE
900219,FALSE
900220,FALSE
900290,FALSE
900311,FALSE
900319,FALSE
900390,FALSE
900410,FALSE
900490,FALSE
900510,FALSE
900580,FALSE
900590,FALSE
900630,FALSE
900640,FALSE
900651,FALSE
900652,FALSE
900653,FALSE
900659,FALSE
900661,FALSE
900669,FALSE
900691,FALSE
900699,FALSE
900710,FALSE
900720,FALSE
900791,FALSE
900792,FALSE
900850,FALSE
900890,FALSE
901010,FALSE
901050,FALSE
901060,FALSE
901090,FALSE
901110,FALSE
901120,FALSE
901180,FALSE
901190,FALSE
901210,FALSE
901290,FALSE
901310,FALSE
901320,TRUE
901380,FALSE
901390,FALSE
901410,FALSE
901420,FALSE
901480,FALSE
901490,FALSE
901510,FALSE
901520,FALSE
901530,FALSE
901540,FALSE
901580,FALSE
901590,FALSE
901600,FALSE
901710,FALSE
901720,FALSE
901730,FALSE
901780,FALSE
901790,FALSE
901811,FALSE
901812,FALSE
901813,FALSE
901814,FALSE
901819,FALSE
901820,FALSE
901831,FALSE
901832,FALSE
901839,FALSE
901841,FALSE
901849,FALSE
901850,FALSE
901890,FALSE
901910,FALSE
901920,FALSE
902000,FALSE
902110,FALSE
902121,FALSE
902129,FALSE
902131,FALSE
902139,FALSE
902140,FALSE
902150,FALSE
902190,FALSE
902212,FALSE
902213,FALSE
902214,FALSE
902219,FALSE
902221,FALSE
902229,FALSE
902230,FALSE
902290,FALSE
902300,FALSE
902410,FALSE
902480,FALSE
902490,FALSE
902511,FALSE
902519,FALSE
902580,FALSE
902590,FALSE
902610,FALSE
902620,FALSE
902680,FALSE
902690,FALSE
902710,FALSE
902720,FALSE
902730,FALSE
902750,FALSE
902780,FALSE
902790,FALSE
902810,FALSE
902820,FALSE
902830,FALSE
902890,FALSE
902910,FALSE
902920,FALSE
902990,FALSE
903010,FALSE
903020,FALSE
903031,FALSE
903032,FALSE
903033,FALSE
903039,FALSE
903040,FALSE
903082,FALSE
903084,FALSE
903089,FALSE
903090,FALSE
903110,FALSE
903120,FALSE
903141,FALSE
903149,FALSE
903180,FALSE
903190,FALSE
903210,FALSE
903220,FALSE
903281,FALSE
903289,FALSE
903290,FALSE
903300,FALSE
910111,FALSE
910119,FALSE
910121,FALSE
910129,FALSE
910191,FALSE
910199,FALSE
910211,FALSE
910212,FALSE
910219,FALSE
910221,FALSE
910229,FALSE
910291,FALSE
910299,FALSE
910310,FALSE
910390,FALSE
910400,FALSE
910511,FALSE
910519,FALSE
910521,FALSE
910529,FALSE
910591,FALSE
910599,FALSE
910610,FALSE
910690,FALSE
910700,FALSE
910811,FALSE
910812,FALSE
910819,FALSE
910820,FALSE
910890,FALSE
910910,FALSE
910990,FALSE
911011,FALSE
911012,FALSE
911019,FALSE
911090,FALSE
911110,FALSE
911120,FALSE
911180,FALSE
911190,FALSE
911220,FALSE
911290,FALSE
911310,FALSE
911320,FALSE
911390,FALSE
911410,FALSE
911430,FALSE
911440,FALSE
911490,FALSE
920110,FALSE
920120,FALSE
920190,FALSE
920210,FALSE
920290,FALSE
920510,FALSE
920590,FALSE
920600,FALSE
920710,FALSE
920790,FALSE
920810,FALSE
920890,FALSE
920930,FALSE
920991,FALSE
920992,FALSE
920994,FALSE
920999,FALSE
930110,FALSE
930120,FALSE
930190,FALSE
930200,FALSE
930310,FALSE
930320,FALSE
930330,FALSE
930390,FALSE
930400,FALSE
930510,FALSE
930520,FALSE
930591,FALSE
930599,FALSE
930621,FALSE
930629,FALSE
930630,FALSE
930690,FALSE
930700,FALSE
940110,FALSE
940120,FALSE
940130,FALSE
940140,FALSE
940152,FALSE
940153,FALSE
940159,FALSE
940161,FALSE
940169,FALSE
940171,FALSE
940179,FALSE
940180,FALSE
940190,FALSE
940210,FALSE
940290,FALSE
940310,FALSE
940320,FALSE
940330,FALSE
940340,FALSE
940350,FALSE
940360,FALSE
940370,FALSE
940382,FALSE
940383,FALSE
940389,FALSE
940390,FALSE
940410,FALSE
940421,FALSE
940429,FALSE
940430,FALSE
940490,FALSE
940510,FALSE
940520,FALSE
940530,FALSE
940540,FALSE
940550,FALSE
940560,FALSE
940591,FALSE
940592,FALSE
940599,FALSE
940610,FALSE
940690,FALSE
950300,FALSE
950420,FALSE
950430,FALSE
950440,FALSE
950450,TRUE
950490,FALSE
950510,FALSE
950590,FALSE
950611,FALSE
950612,FALSE
950619,FALSE
950621,FALSE
950629,FALSE
950631,FALSE
950632,FALSE
950639,FALSE
950640,FALSE
950651,FALSE
950659,FALSE
950661,FALSE
950662,FALSE
950669,FALSE
950670,FALSE
950691,FALSE
950699,FALSE
950710,FALSE
950720,FALSE
950730,FALSE
950790,FALSE
950810,FALSE
950890,FALSE
960110,FALSE
960190,FALSE
960200,FALSE
960310,FALSE
960321,FALSE
960329,FALSE
960330,FALSE
960340,FALSE
960350,FALSE
960390,FALSE
960400,FALSE
960500,FALSE
960610,FALSE
960621,FALSE
960622,FALSE
960629,FALSE
960630,FALSE
960711,FALSE
960719,FALSE
960720,FALSE
960810,FALSE
960820,FALSE
960830,FALSE
960840,FALSE
960850,FALSE
960860,FALSE
960891,FALSE
960899,FALSE
960910,FALSE
960920,FALSE
960990,FALSE
961000,FALSE
961100,FALSE
961210,FALSE
961220,FALSE
961310,FALSE
961320,FALSE
961380,FALSE
961390,FALSE
961400,FALSE
961511,FALSE
961519,FALSE
961590,FALSE
961610,FALSE
961620,FALSE
961700,FALSE
961800,FALSE
961900,FALSE
962000,FALSE
970110,FALSE
970190,FALSE
970200,FALSE
970300,FALSE
970400,FALSE
970500,FALSE
970600,FALSE
999999,FALSE
